-3.236467362069866090e-14,-1.761850771625593666e+02,3.287553433736164976e+01
5.952837833905472363e-15,9.721721949626733306e+01,3.287553433736164976e+01
-1.872138051721273554e-14,-1.019144487496165823e+02,3.287553433736164976e+01
-3.274426946693522882e-14,-1.782515007033487393e+02,3.287553433736164976e+01
-3.245107276380988822e-14,-1.766554121912461710e+02,3.287553433736164976e+01
1.362497678635535668e-14,2.225127570796999805e+02,3.287553433736164976e+01
9.192363519853029175e+01,-1.884713823794804739e+02,3.287553433736164976e+01
-2.052616703931100517e+01,2.346151628345405697e+02,3.287553433736164976e+01
9.257852159589259600e+01,-5.131711249071889114e+01,3.287553433736164976e+01
-3.377728001380632339e+00,9.672547456833214596e+01,3.287553433736164976e+01
1.055876992128929714e+02,1.296453928460302762e+01,3.287553433736164976e+01
2.415295488606403040e+01,-1.718572039024117259e+02,3.287553433736164976e+01
1.036059110638494758e+02,1.869100112875883895e+02,3.287553433736164976e+01
1.971742950621737975e+02,5.653881929932403949e+01,3.287553433736164976e+01
1.064254617837526524e+02,-1.857663345450946801e+00,3.287553433736164976e+01
8.555555585849278089e+01,-6.215974983833324075e+01,3.287553433736164976e+01
-8.929374206127529590e+01,2.392618607447171541e+01,3.287553433736164976e+01
2.253511884981505773e+02,5.618636176658103665e+01,3.287553433736164976e+01
-9.265960702258416859e+01,-4.856084233292901509e+00,3.287553433736164976e+01
-7.793552381752184033e+01,4.869952025856883182e+01,3.287553433736164976e+01
-8.363974910467921120e+01,3.900185553367460756e+01,3.287553433736164976e+01
1.258939138191151486e+01,-1.025323647316450035e+02,3.287553433736164976e+01
2.425619200255137855e+02,-4.233934063158476313e+00,3.287553433736164976e+01
-7.434051836631032018e+01,-6.019976479247829815e+01,3.287553433736164976e+01
2.040807270682664409e+02,-1.069541770011639059e+01,3.287553433736164976e+01
1.221751757140181525e+02,-1.621319342618515975e+02,3.287553433736164976e+01
2.347118848341187061e+02,0.000000000000000000e+00,3.287553433736164976e+01
-4.614982140962610657e+01,-8.679519049609059778e+01,3.287553433736164976e+01
-2.357614844205049920e+01,-1.920123203494132724e+02,3.287553433736164976e+01
5.953600260025283575e+01,-1.729051063649905586e+02,3.287553433736164976e+01
-4.293145596285403798e+01,-2.019766203665909927e+02,3.287553433736164976e+01
-4.123696635108508701e+01,8.454831052470589725e+01,3.287553433736164976e+01
-6.737675514164283186e+01,-2.073643300877221520e+02,3.287553433736164976e+01
2.163503411823606370e+02,-9.183527131026784218e+01,3.287553433736164976e+01
1.473467034292118569e+02,1.422910575064168768e+02,3.287553433736164976e+01
4.919582983386943198e+01,8.875162638050707642e+01,3.287553433736164976e+01
4.180276998774343156e+01,2.150566082191284920e+02,3.287553433736164976e+01
2.092443392755272669e+02,0.000000000000000000e+00,3.287553433736164976e+01
7.665330952291536448e+01,-1.805838805877806976e+02,3.287553433736164976e+01
-8.949271032432019979e+01,-2.736066731303690602e+01,3.287553433736164976e+01
6.354314504835923572e+01,-1.745833561814966401e+02,3.287553433736164976e+01
1.977049608967315208e+01,-1.017103850558531661e+02,3.287553433736164976e+01
3.006729737874394814e+01,2.139399374026367582e+02,3.287553433736164976e+01
2.297384730555796182e+02,-5.728023466318958157e+01,3.287553433736164976e+01
9.601449994057034587e+01,4.477229661621061041e+01,3.287553433736164976e+01
1.001538893764098930e+02,-1.193587574766196013e+02,3.287553433736164976e+01
2.447164007482661532e+02,2.572073015761533199e+01,3.287553433736164976e+01
-4.409480436878184406e+01,8.293026556063703936e+01,3.287553433736164976e+01
1.213107354773390938e+02,1.552706607694082379e+02,3.287553433736164976e+01
1.679396301974236394e+02,8.929508532571102819e+01,3.287553433736164976e+01
-7.786809075576037742e+01,-5.452382413318124321e+01,3.287553433736164976e+01
-5.038932724459000667e+01,-8.386192346261705666e+01,3.287553433736164976e+01
1.766603854051020619e+02,7.865427114001289510e+01,3.287553433736164976e+01
1.958648065348847354e+02,-1.271960926039155169e+02,3.287553433736164976e+01
-1.733227249815676885e+01,-9.829620191145650665e+01,3.287553433736164976e+01
-9.199328498310609348e+01,9.668883867726830061e+00,3.287553433736164976e+01
-3.829379825012741634e+01,8.600927908225507679e+01,3.287553433736164976e+01
1.541152272245417620e+01,9.730452493234386679e+01,3.287553433736164976e+01
-5.049633775863684093e+01,-2.025297486957267381e+02,3.287553433736164976e+01
-1.303045615180024797e+01,-1.863442045996134198e+02,3.287553433736164976e+01
2.575920912912445715e+01,9.613467723268453824e+01,3.287553433736164976e+01
1.812250830509528328e+02,7.692548382062355472e+01,3.287553433736164976e+01
1.761829249670277591e+02,8.215544714827255746e+01,3.287553433736164976e+01
-5.873513198402605440e+01,7.253184747578475822e+01,3.287553433736164976e+01
1.784515329781148694e+02,1.158877805337237561e+02,3.287553433736164976e+01
4.010136338285255420e+01,-9.447289179825128258e+01,3.287553433736164976e+01
1.790129614721993221e+02,-1.348959421382712378e+02,3.287553433736164976e+01
-2.912801261266496056e+01,8.964680488863211849e+01,3.287553433736164976e+01
-9.207720428576074312e+01,2.278990778270130022e+02,3.287553433736164976e+01
-3.010682605212987184e+01,-1.900870185886928141e+02,3.287553433736164976e+01
-3.718859501462947748e+01,-1.913187358308057640e+02,3.287553433736164976e+01
6.412562963435338759e+01,-8.207706305960309123e+01,3.287553433736164976e+01
1.956860264427251366e+02,1.368369997103324742e+01,3.287553433736164976e+01
8.013849107958962747e+01,6.489487052059217831e+01,3.287553433736164976e+01
1.127708545954914001e+02,-1.343950711040961892e+02,3.287553433736164976e+01
-2.000681963445850187e+01,-1.903521735721346886e+02,3.287553433736164976e+01
1.008016155652406809e+02,-3.470877970332169582e+01,3.287553433736164976e+01
-6.185553713829075484e+00,-1.771310828442897503e+02,3.287553433736164976e+01
-7.241479146673997036e+01,-6.294921784376468565e+01,3.287553433736164976e+01
1.204684136598164628e+02,1.786017680306909483e+02,3.287553433736164976e+01
1.024049666220790868e+02,2.936415165766591429e+01,3.287553433736164976e+01
6.733342486066375443e+01,7.745824470969729703e+01,3.287553433736164976e+01
2.663170326332489068e+01,-9.939086967082656088e+01,3.287553433736164976e+01
2.458988059799664541e+02,2.151335789780775087e+01,3.287553433736164976e+01
-2.742230249684393684e+01,-9.563293381086828049e+01,3.287553433736164976e+01
-5.756917480588581526e+01,7.368518356505416023e+01,3.287553433736164976e+01
1.506557954255887353e+02,1.404888020484308413e+02,3.287553433736164976e+01
9.767757079860338365e+01,-4.146166891253783859e+01,3.287553433736164976e+01
2.074983016752860010e+02,-3.621896328237006912e+00,3.287553433736164976e+01
1.390630658396478339e+02,-1.252129468944756781e+02,3.287553433736164976e+01
-8.991047656476479233e+01,-2.578141428632172349e+01,3.287553433736164976e+01
2.228458007662257145e+01,9.652512097044406403e+01,3.287553433736164976e+01
-1.392247783216760482e+01,-9.906357722757043405e+01,3.287553433736164976e+01
-1.561571557908822250e+01,-9.859374789020282037e+01,3.287553433736164976e+01
2.006603292184825875e+02,5.003023913389939992e+01,3.287553433736164976e+01
1.266763855424284486e+02,-1.311772372706060992e+02,3.287553433736164976e+01
2.265745385138496601e+02,4.815990486847589125e+01,3.287553433736164976e+01
-5.850166756637949561e+01,2.346373728552871398e+02,3.287553433736164976e+01
1.139644649103616842e+02,1.823812682797390039e+02,3.287553433736164976e+01
-8.629705444149553273e+01,3.312633552958342165e+01,3.287553433736164976e+01
-8.291006692424505786e+01,-4.595780055266385489e+01,3.287553433736164976e+01
2.182377193224879761e+02,-4.638785924589551257e+01,3.287553433736164976e+01
-3.819217636470339983e+01,-1.964817142956814280e+02,3.287553433736164976e+01
9.684552732494312011e+01,-4.311840680889633148e+01,3.287553433736164976e+01
1.960657513184689549e+02,1.027537062006196678e+01,3.287553433736164976e+01
1.987877430053723913e+02,-3.864042293817358598e+01,3.287553433736164976e+01
2.127937820477020523e+02,-6.914089102319067592e+01,3.287553433736164976e+01
-1.330009314649850261e+01,9.463508007948523471e+01,3.287553433736164976e+01
8.968339486008393635e+01,5.388722015212315597e+01,3.287553433736164976e+01
-4.552965602313218341e+01,8.213767374681168576e+01,3.287553433736164976e+01
1.967314358238141665e+02,6.870013122183975973e+00,3.287553433736164976e+01
1.560624158683840257e+01,2.231796524549945673e+02,3.287553433736164976e+01
-2.694866656538954430e+01,-1.917497261379998577e+02,3.287553433736164976e+01
1.798083872480087919e+01,-1.019744037614415504e+02,3.287553433736164976e+01
2.004793756869779031e+02,0.000000000000000000e+00,3.287553433736164976e+01
1.049346051262037776e+02,-1.615851219255595197e+02,3.287553433736164976e+01
1.997606224132003661e+02,-3.882953153822091252e+01,3.287553433736164976e+01
2.045765174451435087e+02,5.100665452321074866e+01,3.287553433736164976e+01
1.714731113841643548e+02,-1.292142575672645819e+02,3.287553433736164976e+01
1.150101584179266609e+02,-1.642515284996567857e+02,3.287553433736164976e+01
1.997541046620309544e+02,-1.200243749805241009e+02,3.287553433736164976e+01
1.839384912200280269e+02,7.431597439344105283e+01,3.287553433736164976e+01
-8.966605533014774210e+01,2.235625849829187217e+01,3.287553433736164976e+01
-3.974978013024836088e+01,8.524367857805098936e+01,3.287553433736164976e+01
5.590674211136080629e+01,-1.720632598132377211e+02,3.287553433736164976e+01
9.291760419840922225e+01,-1.905093208383430010e+02,3.287553433736164976e+01
8.455676708178215506e+01,2.092853425715028663e+02,3.287553433736164976e+01
2.493846821919159140e+01,-1.000227328451233859e+02,3.287553433736164976e+01
2.325660931846163919e+02,-5.798523954276149794e+01,3.287553433736164976e+01
1.052740432734724862e+02,1.479530191414949769e+01,3.287553433736164976e+01
9.952989991476484022e+01,3.820594898795271632e+01,3.287553433736164976e+01
-9.079869399724141488e+01,-2.096253023970664842e+01,3.287553433736164976e+01
4.759333416010208140e+01,8.951004312897561022e+01,3.287553433736164976e+01
-3.853009111995167046e+01,-1.982201350068495458e+02,3.287553433736164976e+01
-8.239829718816154980e+01,2.263874609259851809e+02,3.287553433736164976e+01
-5.031989207312032164e+01,-2.018220637044524324e+02,3.287553433736164976e+01
-1.002436565518950040e+01,9.537546826586458337e+01,3.287553433736164976e+01
1.079778602072131832e+01,-1.027340714998529165e+02,3.287553433736164976e+01
2.143690807382695596e+02,-6.965273659520597960e+01,3.287553433736164976e+01
-4.310983893517104804e+01,-8.838826837864584718e+01,3.287553433736164976e+01
2.145096145033430730e+02,-6.969839878346412831e+01,3.287553433736164976e+01
1.083472132153238903e+02,-1.491271454030072903e+02,3.287553433736164976e+01
-5.437002197847213125e+01,-8.060687244246267369e+01,3.287553433736164976e+01
-1.616956885170160163e+01,-1.848190176880498257e+02,3.287553433736164976e+01
-1.618892757360043078e+01,2.315124502841408685e+02,3.287553433736164976e+01
2.424285879521526113e+02,-4.231606743160942763e+00,3.287553433736164976e+01
3.705471019840944535e+01,-1.906299581618430068e+02,3.287553433736164976e+01
1.963518058830245820e+02,1.373025580475092156e+01,3.287553433736164976e+01
1.644830391573549662e+02,-1.239468603302413072e+02,3.287553433736164976e+01
-4.783162067590372146e+01,-2.071815109855879200e+02,3.287553433736164976e+01
1.517687837972028433e+02,-1.102664758523188624e+02,3.287553433736164976e+01
1.506724652040250412e+01,-1.722194157868000559e+02,3.287553433736164976e+01
-2.035156179527826126e+01,2.326194157629099095e+02,3.287553433736164976e+01
4.494119469237533337e+01,-1.802492868025015298e+02,3.287553433736164976e+01
5.640359214294959855e+01,-8.685391537421567421e+01,3.287553433736164976e+01
7.908050221709318350e+01,1.863019882386695372e+02,3.287553433736164976e+01
1.027849066956137563e+02,2.754113274319799842e+01,3.287553433736164976e+01
1.968763883017389844e+02,1.031785430415985338e+01,3.287553433736164976e+01
2.035619486178503905e+02,-5.837044948224009744e+01,3.287553433736164976e+01
-9.157890256769945836e+01,1.287057540799344935e+01,3.287553433736164976e+01
4.609062702609668349e+01,-1.848594080909807360e+02,3.287553433736164976e+01
1.818027447880127170e+02,1.092381097742348715e+02,3.287553433736164976e+01
1.784212959035645918e+00,-1.022174919642581443e+02,3.287553433736164976e+01
1.854145848112362955e+02,6.748538987011632173e+01,3.287553433736164976e+01
1.729995857665875292e+02,8.067103170060227058e+01,3.287553433736164976e+01
1.063116830499311618e+02,-5.571559220489482378e+00,3.287553433736164976e+01
-7.602673101748295892e+01,5.128067757898055845e+01,3.287553433736164976e+01
-9.265444813703267357e+01,1.617289408120067273e+00,3.287553433736164976e+01
1.284320414644027153e+02,1.530593468194104503e+02,3.287553433736164976e+01
2.139179627438429634e+02,5.731914536372371316e+01,3.287553433736164976e+01
3.847880497626227481e+01,-9.523838433191632191e+01,3.287553433736164976e+01
1.027175480255786084e+02,-1.181630221158324900e+02,3.287553433736164976e+01
4.499672115421404328e+01,2.116929291699213422e+02,3.287553433736164976e+01
-9.162484172940146721e+01,-1.615593170003634071e+01,3.287553433736164976e+01
-4.813123276417594099e+01,-2.084792735175829250e+02,3.287553433736164976e+01
-9.105435083472923452e+01,1.605533876305709740e+01,3.287553433736164976e+01
2.354805509330575433e+02,0.000000000000000000e+00,3.287553433736164976e+01
1.565267384457764592e+02,-1.179513577051955906e+02,3.287553433736164976e+01
1.750395320584775050e+02,1.180656551575560655e+02,3.287553433736164976e+01
6.873823030204860629e+01,7.634153882066642893e+01,3.287553433736164976e+01
1.854352261440268990e+02,7.118191414535098716e+01,3.287553433736164976e+01
9.341429814227976181e+01,-4.966926337428750315e+01,3.287553433736164976e+01
1.344557445466981846e+02,1.493282325842400269e+02,3.287553433736164976e+01
2.395718200686125385e+02,-8.366032305334446306e+00,3.287553433736164976e+01
5.162165048402361123e+01,-8.941132140889139635e+01,3.287553433736164976e+01
8.619326519771928474e+01,5.813809147031958702e+01,3.287553433736164976e+01
1.694613765620334789e+02,8.634488406471476196e+01,3.287553433736164976e+01
-3.355537608468431188e+01,-1.903019943395050007e+02,3.287553433736164976e+01
-9.681524679591991855e+01,2.280824282119783959e+02,3.287553433736164976e+01
1.106575160843098899e+02,-1.272969105249408983e+02,3.287553433736164976e+01
2.204031007332459637e+02,-4.684812527327041920e+01,3.287553433736164976e+01
-7.055955399335280731e+01,-2.171599777157702533e+02,3.287553433736164976e+01
4.676169273472310550e+01,-9.177498941637148278e+01,3.287553433736164976e+01
-3.066362310191361118e+01,8.905362776152917093e+01,3.287553433736164976e+01
1.047232799393425466e+02,-2.035614352852521947e+01,3.287553433736164976e+01
1.854966354604169112e+02,7.120548697332922927e+01,3.287553433736164976e+01
1.039077509843524467e+02,2.208627428009881299e+01,3.287553433736164976e+01
-3.001307845733804669e+01,-1.894951195700787707e+02,3.287553433736164976e+01
5.706140474055190026e+01,8.459701147685009914e+01,3.287553433736164976e+01
2.919617850085376887e+01,9.549639689924791242e+01,3.287553433736164976e+01
6.717173818297558796e+01,2.067333527691903328e+02,3.287553433736164976e+01
-5.512486085028193372e+01,7.587286184281727230e+01,3.287553433736164976e+01
7.900933947138327085e+01,6.629670760999820800e+01,3.287553433736164976e+01
2.422372460396366876e+02,-4.228266857654488398e+00,3.287553433736164976e+01
-8.158703811361408498e+01,2.241585449373383483e+02,3.287553433736164976e+01
2.368098079684054937e+02,-5.904331647443971320e+01,3.287553433736164976e+01
1.256907014089742205e+02,-1.347867753320391841e+02,3.287553433736164976e+01
1.008638879773980364e+02,3.473022181437362832e+01,3.287553433736164976e+01
2.449703916612617718e+02,-4.275974091938227417e+00,3.287553433736164976e+01
-7.616383682004551758e+01,-5.739356770711363254e+01,3.287553433736164976e+01
-9.107713730367065352e+01,-1.935904315201675985e+01,3.287553433736164976e+01
2.353748409392810004e+02,3.727971244864477285e+01,3.287553433736164976e+01
9.939687997997701530e+01,-3.815488741904497516e+01,3.287553433736164976e+01
2.080294047814253133e+02,5.186755602680839417e+01,3.287553433736164976e+01
1.278601196654291527e+02,1.523777569608007809e+02,3.287553433736164976e+01
2.059085062321597377e+02,-6.295254792849311087e+01,3.287553433736164976e+01
1.613986233518356812e+02,-1.216225863077911953e+02,3.287553433736164976e+01
-4.693760192787109986e+01,8.129831132451566589e+01,3.287553433736164976e+01
-9.605523835494887308e+00,-1.832843132623076485e+02,3.287553433736164976e+01
1.905670150448998754e+02,5.826218337322003293e+01,3.287553433736164976e+01
-1.167707840430127142e+01,9.510217179125042719e+01,3.287553433736164976e+01
2.316509292771830246e+02,-7.976381159434546930e+01,3.287553433736164976e+01
9.556423487857787791e+01,-1.416798046167633629e+02,3.287553433736164976e+01
-7.699970496310423584e+01,-5.594356029956067999e+01,3.287553433736164976e+01
8.396876609173499162e+01,6.100687958977997027e+01,3.287553433736164976e+01
-9.028201662841185282e+01,-2.419099344663614914e+01,3.287553433736164976e+01
1.075740960196420417e+02,1.863237998843128764e+02,3.287553433736164976e+01
-1.491635390459564370e+01,9.417815205856977911e+01,3.287553433736164976e+01
9.431193154227221953e+01,-4.805432931176407152e+01,3.287553433736164976e+01
2.443282950729505956e+02,0.000000000000000000e+00,3.287553433736164976e+01
2.392269856274465951e+02,-5.964598655268559213e+01,3.287553433736164976e+01
2.449857645112597027e+02,2.143347711996685234e+01,3.287553433736164976e+01
2.090175034025500622e+02,3.648414093025451166e+00,3.287553433736164976e+01
7.609825348047141347e+01,-1.792762504970243640e+02,3.287553433736164976e+01
-3.872453818713862717e+01,-1.992204784472398842e+02,3.287553433736164976e+01
1.285922234148396512e+02,-1.587981710475055195e+02,3.287553433736164976e+01
-9.236421307426896021e+01,6.458734957954752609e+00,3.287553433736164976e+01
1.926375994081989518e+02,6.259175028274830055e+01,3.287553433736164976e+01
1.916592851665442083e+02,6.227387671652951440e+01,3.287553433736164976e+01
1.923906797318585404e+02,-1.297691520402421190e+02,3.287553433736164976e+01
-8.680377787395535449e+01,3.159399136797493668e+01,3.287553433736164976e+01
1.220936122195520852e+02,-1.620236958488871437e+02,3.287553433736164976e+01
1.684737773413162927e+02,1.269540972516652317e+02,3.287553433736164976e+01
-3.701814202174708157e+01,2.337233502602616113e+02,3.287553433736164976e+01
1.272689363832704004e+02,-1.571640476549409300e+02,3.287553433736164976e+01
4.199686215344224394e+01,2.160551258496427351e+02,3.287553433736164976e+01
1.155821191058824127e+02,-1.650683730160956486e+02,3.287553433736164976e+01
8.999048387020916806e+00,-1.028595937387295152e+02,3.287553433736164976e+01
2.400434874421757740e+02,-8.382503292963425778e+00,3.287553433736164976e+01
3.228531527858788053e+01,-1.830991215800817145e+02,3.287553433736164976e+01
9.536196679611065008e+01,1.871583978596800932e+02,3.287553433736164976e+01
3.595772232783779288e+01,9.367306922754636389e+01,3.287553433736164976e+01
2.116702727286947834e+02,-6.877584071654401043e+01,3.287553433736164976e+01
2.152198356144577076e+02,4.183449817930723924e+01,3.287553433736164976e+01
-2.391226550913692606e+01,-1.947497741841199002e+02,3.287553433736164976e+01
-6.200426786382088551e+00,-1.775569919170130220e+02,3.287553433736164976e+01
1.762119021771834753e+02,8.216895944328013002e+01,3.287553433736164976e+01
-3.386959797911158176e+01,-9.305595565361504384e+01,3.287553433736164976e+01
1.068919584972754109e+02,-1.584738455159442196e+02,3.287553433736164976e+01
-6.054906806082846771e+01,-7.477187197916430250e+01,3.287553433736164976e+01
-4.262598837901224869e+01,-2.005395083741792632e+02,3.287553433736164976e+01
-2.087746485269203589e+01,2.386305152153314566e+02,3.287553433736164976e+01
-7.339292340077899723e+01,-6.158397495661601084e+01,3.287553433736164976e+01
7.118170955679458700e+01,-1.761809135277194400e+02,3.287553433736164976e+01
1.894074759620851012e+02,6.521822413724440537e+01,3.287553433736164976e+01
1.111542868416634775e+02,-1.529907507917325518e+02,3.287553433736164976e+01
9.656697164754886842e+01,-1.742114284341196537e+02,3.287553433736164976e+01
2.054091340801459253e+01,9.663739969553508047e+01,3.287553433736164976e+01
2.429940300838523370e+01,-1.728992364378760271e+02,3.287553433736164976e+01
1.887182497417458364e+02,-1.321419410669131764e+02,3.287553433736164976e+01
1.960014651042571359e+02,0.000000000000000000e+00,3.287553433736164976e+01
6.680845646382040570e+01,1.835547255629637107e+02,3.287553433736164976e+01
-8.290710449973343543e+01,4.043649668815535136e+01,3.287553433736164976e+01
5.615661902848734854e+01,-1.728323018873982164e+02,3.287553433736164976e+01
4.510331727071233132e+01,-9.247550466811132708e+01,3.287553433736164976e+01
-8.608272559851555172e+01,-3.832649874600254947e+01,3.287553433736164976e+01
-9.262642351623125592e+01,1.134346530756197307e-14,3.287553433736164976e+01
-6.860078768417547224e+01,6.176842667284906696e+01,3.287553433736164976e+01
1.047209812828501754e+02,-1.612561700537438867e+02,3.287553433736164976e+01
-7.566489008239855707e+01,-2.197467968354473840e+02,3.287553433736164976e+01
4.433811023590954647e+01,9.090659774505165558e+01,3.287553433736164976e+01
4.371174223850148621e+01,-1.893363569289969348e+02,3.287553433736164976e+01
5.081729105449366557e+01,8.801813000939840492e+01,3.287553433736164976e+01
1.576108424138819544e+02,1.370090150464308181e+02,3.287553433736164976e+01
1.703547691105689266e+00,9.759618185961326731e+01,3.287553433736164976e+01
4.526345041139838798e+01,-1.815417838960820802e+02,3.287553433736164976e+01
-6.231644591376576869e+01,6.920942471150478070e+01,3.287553433736164976e+01
1.839667028893742611e+02,7.061820088327668543e+01,3.287553433736164976e+01
-6.673885870019933009e+01,-6.911011129184190338e+01,3.287553433736164976e+01
-6.107782061938500817e+01,7.026199522245249796e+01,3.287553433736164976e+01
-7.264936878322063762e+01,5.675990760511610489e+01,3.287553433736164976e+01
2.428104530347454215e+01,-1.727686145801820317e+02,3.287553433736164976e+01
-6.277073099757652486e+00,-1.797518551600373939e+02,3.287553433736164976e+01
1.761808981100691653e+02,9.765866651548938648e+01,3.287553433736164976e+01
8.508604500187828990e+01,5.957789010676577846e+01,3.287553433736164976e+01
1.320919176429644892e+02,-1.275596821105514067e+02,3.287553433736164976e+01
1.639366536427188237e+02,1.327532845752937760e+02,3.287553433736164976e+01
-6.349585073481399888e+00,-1.818283264056347548e+02,3.287553433736164976e+01
-2.543808170780348732e+01,2.420271803843350540e+02,3.287553433736164976e+01
-3.371692714105397215e+01,-1.912181959084343248e+02,3.287553433736164976e+01
2.694911317682093710e+01,-1.701500041393025811e+02,3.287553433736164976e+01
-6.908270505722992993e+01,-6.671239280707483488e+01,3.287553433736164976e+01
1.015266594217579268e+02,-1.689687361872206566e+02,3.287553433736164976e+01
2.128083899830222379e+02,4.136576063200001840e+01,3.287553433736164976e+01
-3.732528809040644546e+01,-1.920219607427494850e+02,3.287553433736164976e+01
-9.048937128520726958e+01,1.923410962806568492e+01,3.287553433736164976e+01
4.178404951317036620e+01,-9.384851176921532101e+01,3.287553433736164976e+01
1.046292565457290067e+02,1.844896090047978987e+01,3.287553433736164976e+01
7.000527958593350775e+01,-7.774873961225445385e+01,3.287553433736164976e+01
-2.043677608791410094e+01,2.335934195846803902e+02,3.287553433736164976e+01
-9.052707496345573190e+01,-2.257093480387329976e+01,3.287553433736164976e+01
-9.138873767596294329e+01,1.447455406877326567e+01,3.287553433736164976e+01
1.100430421714822700e+02,-1.571577513330408635e+02,3.287553433736164976e+01
8.199308376829986855e+01,-6.639669006799000783e+01,3.287553433736164976e+01
3.027803993141358063e+01,-1.717152973966852585e+02,3.287553433736164976e+01
3.903821694602275016e+00,2.236497950970894806e+02,3.287553433736164976e+01
1.061663932183500947e+02,9.288355854041171256e+00,3.287553433736164976e+01
1.776102869807690752e+02,8.282103698623967603e+01,3.287553433736164976e+01
-5.426239140532783267e+01,-2.025100016648723340e+02,3.287553433736164976e+01
2.213053833098504981e+02,5.517762923908959749e+01,3.287553433736164976e+01
1.720289980304527830e+02,1.249863831192744072e+02,3.287553433736164976e+01
2.282591322717954796e+01,2.171740574438462374e+02,3.287553433736164976e+01
4.346075483036616305e+01,-9.320188950428941155e+01,3.287553433736164976e+01
1.527938722650519878e+02,-1.069874211522409979e+02,3.287553433736164976e+01
6.591624795789620350e+01,7.855592531415355495e+01,3.287553433736164976e+01
1.135740553201915901e+02,1.683804614534228108e+02,3.287553433736164976e+01
1.681270895637686067e+02,9.706822041771010845e+01,3.287553433736164976e+01
2.407542741969795372e+02,3.383580665381192176e+01,3.287553433736164976e+01
5.262493533374220789e+01,-1.721284075339292770e+02,3.287553433736164976e+01
9.690437725243120326e+01,4.314460848474236343e+01,3.287553433736164976e+01
7.444215901363993737e+01,2.045281509454260629e+02,3.287553433736164976e+01
2.422054588606385153e+02,2.973909091449002418e+01,3.287553433736164976e+01
-9.957912481895363044e+01,-2.135481223125313761e+02,3.287553433736164976e+01
-7.877769122270221658e+01,-5.313622366689551058e+01,3.287553433736164976e+01
-5.054908496251376171e+00,9.645339996093115076e+01,3.287553433736164976e+01
-2.074683553775913225e+01,-9.760618714733901413e+01,3.287553433736164976e+01
1.724535177548976890e+02,9.956608489848807153e+01,3.287553433736164976e+01
-5.866109088852759612e+01,-2.045755356561157328e+02,3.287553433736164976e+01
4.581399646539341575e+01,2.155379072066292281e+02,3.287553433736164976e+01
2.142205654299331457e+02,5.740022750908906346e+01,3.287553433736164976e+01
1.246088124671080806e+02,1.538790681948412384e+02,3.287553433736164976e+01
2.191701513640015833e+02,4.658605379463048735e+01,3.287553433736164976e+01
2.045523593571280685e+02,-1.133852242876755412e+02,3.287553433736164976e+01
6.312261472492023984e+01,8.079326251930929459e+01,3.287553433736164976e+01
8.778338912225198953e+01,-5.921064360025175688e+01,3.287553433736164976e+01
1.112361891186046137e+02,-1.235403037370292907e+02,3.287553433736164976e+01
-2.245134752400764455e+01,-9.724747014540831458e+01,3.287553433736164976e+01
1.317005347311770720e+02,1.515041343688594395e+02,3.287553433736164976e+01
-2.684349598541777837e+01,-1.910013985775831600e+02,3.287553433736164976e+01
2.677022304534280650e+01,2.180259704354208168e+02,3.287553433736164976e+01
-2.029755295274780025e+01,2.320020918679751389e+02,3.287553433736164976e+01
7.863628128622998759e+01,-1.852554693077471768e+02,3.287553433736164976e+01
-3.222361759185326235e+01,-9.358418072832625967e+01,3.287553433736164976e+01
-3.528084895316201397e+01,8.732316542133737869e+01,3.287553433736164976e+01
-1.218574238407611254e+01,2.325178160719992775e+02,3.287553433736164976e+01
2.440986966642247751e+02,-1.706904365729532103e+01,3.287553433736164976e+01
-9.087072925722618777e+01,-2.140780225047659826e+02,3.287553433736164976e+01
9.143076194113027100e+01,1.874608424464214806e+02,3.287553433736164976e+01
-2.023796382169212293e+01,2.313209849833326359e+02,3.287553433736164976e+01
3.087853666417889897e+01,9.503436394340585025e+01,3.287553433736164976e+01
1.019543894691328063e+02,3.117058497009964313e+01,3.287553433736164976e+01
-7.023809181366269172e+01,-6.549808023776263610e+01,3.287553433736164976e+01
-9.245983132992351727e+01,-9.717919864725047319e+00,3.287553433736164976e+01
-2.600171421196963806e+01,9.067875370744638985e+01,3.287553433736164976e+01
1.186499938734314341e+01,2.263976751097054034e+02,3.287553433736164976e+01
1.415277629238331372e+02,1.465562887505942911e+02,3.287553433736164976e+01
1.095843363641227626e+02,-1.508298993384104278e+02,3.287553433736164976e+01
2.117513456356552410e+02,-6.880218290084631860e+01,3.287553433736164976e+01
3.211657572599219179e+01,-1.821421520231953650e+02,3.287553433736164976e+01
5.322781797459591502e+01,-8.858596534540809841e+01,3.287553433736164976e+01
-8.801097231487018391e+00,-1.005970016775845863e+02,3.287553433736164976e+01
1.986998947843146937e+02,-5.324147634360615911e+01,3.287553433736164976e+01
5.949512294643110977e+01,-8.496784124682262984e+01,3.287553433736164976e+01
-3.886250484104329495e+00,2.226431411218577239e+02,3.287553433736164976e+01
2.129403991202474913e+02,-9.480717394938274367e+01,3.287553433736164976e+01
-8.883963799861223265e+01,2.547435626858491986e+01,3.287553433736164976e+01
5.797419880131962344e+01,-8.595028432363453419e+01,3.287553433736164976e+01
-9.565642136194121292e+01,-2.148478400389968499e+02,3.287553433736164976e+01
-3.216179608199170303e+01,8.836380850437635104e+01,3.287553433736164976e+01
1.002357232881813047e+02,-1.885159775612144131e+02,3.287553433736164976e+01
2.151540840992638692e+01,-1.012220382230655957e+02,3.287553433736164976e+01
-2.402599573518370946e+01,-1.956760325443767670e+02,3.287553433736164976e+01
1.803907517768608102e+02,9.999222650828360770e+01,3.287553433736164976e+01
7.524026218270799404e+01,7.016267957032819425e+01,3.287553433736164976e+01
1.282130186611773865e+02,-1.374916294300572872e+02,3.287553433736164976e+01
9.787753579256647640e+01,4.154654901659866084e+01,3.287553433736164976e+01
7.269285482958032674e+01,7.269285482958032674e+01,3.287553433736164976e+01
-8.047387092428749611e+00,2.304470150444555543e+02,3.287553433736164976e+01
1.020550820297267194e+02,-3.120136977526788513e+01,3.287553433736164976e+01
4.028435819764644776e+01,-1.895230045176625708e+02,3.287553433736164976e+01
1.801595499871703865e+01,-1.714103618486679181e+02,3.287553433736164976e+01
1.014954865192262474e+02,-3.297788264883805454e+01,3.287553433736164976e+01
1.732404669973883244e+02,1.213042809145417351e+02,3.287553433736164976e+01
-7.431255443004398842e+01,5.399123115814015250e+01,3.287553433736164976e+01
-1.221638035056328775e+01,-9.949443367088939283e+01,3.287553433736164976e+01
-6.323740307486487922e+01,-2.068402254335585440e+02,3.287553433736164976e+01
-5.511981971097838340e+01,2.387501692729950946e+02,3.287553433736164976e+01
2.057660170992275539e+02,-1.094077320070764046e+02,3.287553433736164976e+01
-7.698352274162564868e+01,4.999368421950496355e+01,3.287553433736164976e+01
-3.179388337557283339e+00,-1.821470358679409287e+02,3.287553433736164976e+01
1.473448996743119324e+02,-1.110323459115676172e+02,3.287553433736164976e+01
1.132610647936083410e+02,1.679164339151962224e+02,3.287553433736164976e+01
-2.001606544854977088e+01,2.287846749724178892e+02,3.287553433736164976e+01
1.762061323232834695e+02,7.845202463759746081e+01,3.287553433736164976e+01
-8.246706575929701444e+01,-2.148340512069289900e+02,3.287553433736164976e+01
1.804405105641039881e+02,1.000198082544418128e+02,3.287553433736164976e+01
9.595811952120362776e+01,-1.228207921221478358e+02,3.287553433736164976e+01
-6.736200847953068660e+01,-2.073189445285113095e+02,3.287553433736164976e+01
7.831081328251985951e+01,-7.051137299183386631e+01,3.287553433736164976e+01
3.006470257109339528e+01,-9.833721112860770575e+01,3.287553433736164976e+01
8.141225329203196281e+01,6.360622331858876777e+01,3.287553433736164976e+01
-3.354498446775139797e+01,-1.902430605513169724e+02,3.287553433736164976e+01
4.267297905054598317e+01,9.151249889265527315e+01,3.287553433736164976e+01
2.828984689424652998e+01,-9.865842067304313900e+01,3.287553433736164976e+01
6.305326449677220779e+01,2.062379352832404606e+02,3.287553433736164976e+01
2.056427761767186553e+02,-4.371072143640137142e+01,3.287553433736164976e+01
1.710465138745503211e+01,9.700529844457251727e+01,3.287553433736164976e+01
9.513444978788966466e+01,-4.640017145683644628e+01,3.287553433736164976e+01
2.043829643456230656e+02,5.095839631546320447e+01,3.287553433736164976e+01
1.378672113895649147e+02,1.478444836325279539e+02,3.287553433736164976e+01
1.683742833909016099e+02,8.579098242805146413e+01,3.287553433736164976e+01
1.695587057972497860e+02,9.789476443548670659e+01,3.287553433736164976e+01
9.340658804364120726e+01,-1.285631390361667172e+02,3.287553433736164976e+01
-3.293351819956273374e+01,2.343341582487581150e+02,3.287553433736164976e+01
2.467167627624596093e+02,1.725211667300218821e+01,3.287553433736164976e+01
9.799539572911854179e+01,-1.210142355394155800e+02,3.287553433736164976e+01
-9.265077386540302484e+01,-6.478773240506744635e+00,3.287553433736164976e+01
4.099751796533695369e+01,9.208193298894553891e+01,3.287553433736164976e+01
3.766115189285773113e+01,9.321462193452643419e+01,3.287553433736164976e+01
7.698348148815263414e+01,-7.178825787110170609e+01,3.287553433736164976e+01
-4.898391179164621434e+01,-8.484262397660339161e+01,3.287553433736164976e+01
1.438158424536115945e+02,-1.164597729394234449e+02,3.287553433736164976e+01
-7.525432457954394749e+01,-5.879512212646883995e+01,3.287553433736164976e+01
-2.917591177890611931e+01,2.376187328794361804e+02,3.287553433736164976e+01
-6.326898570205390371e+01,-2.069435275523983933e+02,3.287553433736164976e+01
1.055964120613385404e+02,-1.484060789267824276e+01,3.287553433736164976e+01
8.437129078087951939e+01,-6.357832788033230287e+01,3.287553433736164976e+01
9.084967286340216219e+01,5.245208308347466897e+01,3.287553433736164976e+01
-6.770909833015846857e+01,-2.083871772477090758e+02,3.287553433736164976e+01
4.783843958675665675e+01,2.072110469334366201e+02,3.287553433736164976e+01
2.061603237512391047e+02,7.199277144061104750e+00,3.287553433736164976e+01
-4.340334728772618433e+01,-2.041966945019861726e+02,3.287553433736164976e+01
2.016495960714569833e+02,-3.919671082186583533e+01,3.287553433736164976e+01
3.684099702818892297e+01,-9.597407849055177564e+01,3.287553433736164976e+01
1.804049292016223660e+02,1.000000851831552353e+02,3.287553433736164976e+01
2.068520178449016953e+02,-1.008884701135657735e+02,3.287553433736164976e+01
7.834347384376279422e+01,1.845656582016799234e+02,3.287553433736164976e+01
5.978517368327862158e+01,2.084956782306032608e+02,3.287553433736164976e+01
7.058588793339593792e+01,1.838825247769918576e+02,3.287553433736164976e+01
2.078871282505147065e+02,-3.628683321353439961e+00,3.287553433736164976e+01
-6.250190146317712525e+00,-1.789820280963384391e+02,3.287553433736164976e+01
-9.265851526206273547e+01,-3.235706652914075221e+00,3.287553433736164976e+01
1.064260952958642719e+02,5.577555312221565309e+00,3.287553433736164976e+01
-4.976107397554697087e+01,7.963436488523386458e+01,3.287553433736164976e+01
1.278802367487622291e+02,-1.524017315671355277e+02,3.287553433736164976e+01
1.052959013875494207e+02,-1.667723240973460364e+01,3.287553433736164976e+01
1.723815538750508836e+02,9.952453653308657522e+01,3.287553433736164976e+01
3.935330427973401157e+01,9.271057499039339689e+01,3.287553433736164976e+01
1.801916658825349771e+02,9.988187139504223921e+01,3.287553433736164976e+01
-8.475616386712678718e+01,2.328656463845266558e+02,3.287553433736164976e+01
-9.255231875060344748e+01,2.290750273928130980e+02,3.287553433736164976e+01
8.329002621366608139e+01,1.870724617753401446e+02,3.287553433736164976e+01
-8.715443842662325835e+01,-3.521267882229115287e+01,3.287553433736164976e+01
1.434059942221320512e+02,-1.203319168604022309e+02,3.287553433736164976e+01
1.984348940574445237e+02,-4.581230504723504282e+01,3.287553433736164976e+01
-5.180776322150438773e+01,-8.290975235575646707e+01,3.287553433736164976e+01
2.286156735760716003e+02,-5.700028931137048716e+01,3.287553433736164976e+01
-6.567421056548565161e+01,6.567421056548566582e+01,3.287553433736164976e+01
-8.214790784824791103e+01,4.185644967140544281e+01,3.287553433736164976e+01
-8.789772928669803775e+01,2.855970349939616781e+01,3.287553433736164976e+01
1.291668006308900090e+02,-1.595077148178159234e+02,3.287553433736164976e+01
1.089426419162680020e+02,-1.555862169019380872e+02,3.287553433736164976e+01
7.421133695995087010e+01,1.836795044840212938e+02,3.287553433736164976e+01
1.951685260804092650e+02,0.000000000000000000e+00,3.287553433736164976e+01
5.992739199533470185e+01,-1.740417837035942910e+02,3.287553433736164976e+01
7.055962241255851097e+01,2.049200229352511542e+02,3.287553433736164976e+01
-6.510053759123593409e+01,-2.129342638450189895e+02,3.287553433736164976e+01
4.421279617529383188e+01,2.080048521105210568e+02,3.287553433736164976e+01
6.453436034144544919e+01,7.969329808445937147e+01,3.287553433736164976e+01
-1.645225853803086125e+01,-1.880501755882444570e+02,3.287553433736164976e+01
-7.573077372566490340e+01,2.330753555530231722e+02,3.287553433736164976e+01
-2.904608125269832541e+01,-9.500545092209129905e+01,3.287553433736164976e+01
-1.050520188290949442e+01,-9.995031937918638221e+01,3.287553433736164976e+01
6.764466052233586879e+01,-1.762203654116616178e+02,3.287553433736164976e+01
6.858971780020854681e+01,-7.890344441756448646e+01,3.287553433736164976e+01
3.515862660227841019e+01,-9.659753268879644850e+01,3.287553433736164976e+01
-8.130570363472310191e+01,-4.885339541643108419e+01,3.287553433736164976e+01
-9.254001273813564410e+01,3.231568453591849188e+00,3.287553433736164976e+01
-9.074076025819178426e+01,1.763821703037893229e+01,3.287553433736164976e+01
2.449774528640507185e+02,-4.276097345691379559e+00,3.287553433736164976e+01
1.058236915941822218e+02,-1.299351550551603118e+01,3.287553433736164976e+01
-6.293735544930162007e+01,2.348854082308155000e+02,3.287553433736164976e+01
2.325910662850446187e+01,-1.007462592187697936e+02,3.287553433736164976e+01
3.073724241987730643e+00,-1.760935438870160681e+02,3.287553433736164976e+01
1.130405338389806644e+02,1.675894833295163835e+02,3.287553433736164976e+01
2.223723047219246780e+02,-7.225314170085911769e+01,3.287553433736164976e+01
1.549653184783693973e+02,1.395313994838265899e+02,3.287553433736164976e+01
3.428999304329058617e+01,9.421098159969693597e+01,3.287553433736164976e+01
5.482779784177307647e+01,-8.774281803747189201e+01,3.287553433736164976e+01
-8.575341687623621567e+01,3.464662937297458001e+01,3.287553433736164976e+01
1.217495176670355583e+01,-1.741099219071930406e+02,3.287553433736164976e+01
2.347924954522909218e+02,4.140025181610845095e+01,3.287553433736164976e+01
4.575538313645150623e+01,-1.835148182903074598e+02,3.287553433736164976e+01
-6.658755957590784647e+01,6.430285882425147292e+01,3.287553433736164976e+01
1.739797338685631019e+02,-1.359278653749722423e+02,3.287553433736164976e+01
1.059167655529102205e+02,1.113230064525257390e+01,3.287553433736164976e+01
1.194814196346775361e+02,-1.644520658173997560e+02,3.287553433736164976e+01
2.199278913118442915e+02,5.077435444522493668e+01,3.287553433736164976e+01
6.007126411217606687e+01,-1.744596186703192302e+02,3.287553433736164976e+01
1.960886183472943287e+02,1.027656903026150559e+01,3.287553433736164976e+01
3.382350475040500015e+01,2.135532043494880270e+02,3.287553433736164976e+01
1.041844161126331869e+02,-1.487907662048481257e+02,3.287553433736164976e+01
1.529945895627169818e+02,-1.071279649171151078e+02,3.287553433736164976e+01
6.558815372400813715e+01,-8.099462453616148139e+01,3.287553433736164976e+01
1.087829902016391657e+02,-1.612774153110540283e+02,3.287553433736164976e+01
1.734788673208736327e+02,8.089452435977830191e+01,3.287553433736164976e+01
6.419786892758105523e+01,-1.763821952556363328e+02,3.287553433736164976e+01
2.267961639732609171e+02,5.236002013072335615e+01,3.287553433736164976e+01
7.856378508933094906e+01,1.850846789707692324e+02,3.287553433736164976e+01
3.175870861384399291e+01,-9.774325466277363716e+01,3.287553433736164976e+01
1.521203214192010762e+02,-1.105218828848944383e+02,3.287553433736164976e+01
-2.979443313914459424e+01,-1.881146473611582621e+02,3.287553433736164976e+01
-6.303215729739450524e+01,-7.251020239390784639e+01,3.287553433736164976e+01
4.474338446365009503e+01,2.105010737476585803e+02,3.287553433736164976e+01
8.839363981594395625e+01,5.523447642469542274e+01,3.287553433736164976e+01
4.896268687403727426e+01,-1.707531814137771278e+02,3.287553433736164976e+01
-1.652086128617518668e+01,9.369446025671139466e+01,3.287553433736164976e+01
1.002452878324824042e+02,3.648630089647150498e+01,3.287553433736164976e+01
1.174839463917567173e+02,1.559064626827105826e+02,3.287553433736164976e+01
-8.512940401052082962e+01,3.613528812139901447e+01,3.287553433736164976e+01
-5.812651633045339850e+01,-7.713649249516238626e+01,3.287553433736164976e+01
1.200161499249331314e+02,-1.651880589212358359e+02,3.287553433736164976e+01
1.086496884751273768e+02,-1.441830064615886613e+02,3.287553433736164976e+01
-5.910257264462045868e+01,-2.061151655090062036e+02,3.287553433736164976e+01
-9.209860464452459894e+01,-1.294361477166704155e+01,3.287553433736164976e+01
2.134896528173927521e+01,-1.738733691332865874e+02,3.287553433736164976e+01
1.050243880137448116e+02,-1.851863323921792670e+01,3.287553433736164976e+01
9.599818896629774656e+01,-4.476469068399529760e+01,3.287553433736164976e+01
2.136877480135344740e+02,4.542073298876698573e+01,3.287553433736164976e+01
-8.054782829652020837e+01,4.464839029962463712e+01,3.287553433736164976e+01
-8.047503470137112913e+01,-5.028638277872639861e+01,3.287553433736164976e+01
-8.658148460561889692e+01,-3.675165976512478494e+01,3.287553433736164976e+01
8.975428242661931222e+01,-5.608470029100836740e+01,3.287553433736164976e+01
1.596013864256960915e+02,-1.202682711431043998e+02,3.287553433736164976e+01
2.061789531558948170e+02,5.140618661865696737e+01,3.287553433736164976e+01
7.567325075509651811e+01,-7.307680880735770756e+01,3.287553433736164976e+01
1.039081307612024858e+02,-1.600044900146401972e+02,3.287553433736164976e+01
-3.703123052425207362e+01,-9.165551183640447164e+01,3.287553433736164976e+01
2.020822696483151049e+02,-3.527359137552923407e+00,3.287553433736164976e+01
9.646321045002366645e+01,-1.893197102239707590e+02,3.287553433736164976e+01
1.200074900789570798e+01,9.773825731547505313e+01,3.287553433736164976e+01
6.375599508614040900e+01,-1.751681568540304852e+02,3.287553433736164976e+01
1.035691176542198235e+02,-2.582268126095705085e+01,3.287553433736164976e+01
9.734225301611165548e+01,-1.756100730467790925e+02,3.287553433736164976e+01
1.694202562162466279e+02,8.632393220204434670e+01,3.287553433736164976e+01
8.877118103168965035e+01,-5.764867901909006065e+01,3.287553433736164976e+01
-4.271010920535411515e+01,8.382330901770023956e+01,3.287553433736164976e+01
5.246081174586729645e+01,8.730945261610000330e+01,3.287553433736164976e+01
1.772880296831903308e+02,9.827235956761958846e+01,3.287553433736164976e+01
-6.712446477689385738e+00,9.599245684347739882e+01,3.287553433736164976e+01
-2.654220903657724051e+01,-1.888576305440537055e+02,3.287553433736164976e+01
1.949558876138698054e+02,5.960399637456643518e+01,3.287553433736164976e+01
1.725991055269638821e+02,1.254005904610243931e+02,3.287553433736164976e+01
1.783028725682129334e+02,8.314399494959251058e+01,3.287553433736164976e+01
-9.272189031298634632e+01,-1.618466615680257181e+00,3.287553433736164976e+01
1.042388418529089193e+02,2.026197830352618112e+01,3.287553433736164976e+01
1.802970972241368486e+02,1.126621302935793949e+02,3.287553433736164976e+01
1.976695081026141452e+02,-4.928454367821873916e+01,3.287553433736164976e+01
-7.169951844647802375e+01,5.806112522572878021e+01,3.287553433736164976e+01
9.506349722698284666e+01,4.636556558063993094e+01,3.287553433736164976e+01
2.151647131434505056e+01,-1.752375962916036087e+02,3.287553433736164976e+01
2.033586908342410027e+02,3.549639152229002725e+00,3.287553433736164976e+01
2.265985116315635537e+02,5.231438849212394615e+01,3.287553433736164976e+01
2.108465269976969694e+02,4.867775629306550655e+01,3.287553433736164976e+01
5.239248540092621909e+01,-1.713680980625116490e+02,3.287553433736164976e+01
2.262819804395073504e+02,5.224131150837911264e+01,3.287553433736164976e+01
2.203440322860547553e+02,-7.159411603711868111e+01,3.287553433736164976e+01
3.578960935214752670e+00,-1.024880318304692537e+02,3.287553433736164976e+01
9.157308463051126779e+00,-1.747318544751684897e+02,3.287553433736164976e+01
-7.515658081014287006e+01,5.262520442932923004e+01,3.287553433736164976e+01
-4.792570721471427930e+01,-2.075890445585407349e+02,3.287553433736164976e+01
5.599286174520715065e+01,2.089682048942928816e+02,3.287553433736164976e+01
5.556081311553700175e+01,8.555614947766518696e+01,3.287553433736164976e+01
1.187211510397450667e+02,-1.634056458686326607e+02,3.287553433736164976e+01
-3.852986206929058000e+01,-9.077066671080106630e+01,3.287553433736164976e+01
1.002206838500660524e+02,-1.735873163976119713e+02,3.287553433736164976e+01
1.035531971288967696e+02,2.390713930641725327e+01,3.287553433736164976e+01
1.028513449651106413e+02,-1.183169378880530047e+02,3.287553433736164976e+01
5.863700385482847111e+01,8.374232017660297345e+01,3.287553433736164976e+01
1.684249513750774270e+02,9.724019101465056281e+01,3.287553433736164976e+01
6.850561622465499489e+00,9.796759543391817715e+01,3.287553433736164976e+01
9.309244065786211308e+01,4.949812871417179849e+01,3.287553433736164976e+01
-8.336312157589075866e+01,-2.171683564160926494e+02,3.287553433736164976e+01
4.511910307161451783e+01,2.122686908233793588e+02,3.287553433736164976e+01
1.177179382715042522e+02,1.812697287567771980e+02,3.287553433736164976e+01
2.747490723069381247e+01,9.581638831951062230e+01,3.287553433736164976e+01
1.671420355482611342e+02,9.264834318264162505e+01,3.287553433736164976e+01
1.059997225925534963e+02,-1.114101978146417693e+01,3.287553433736164976e+01
4.839104162828586198e+01,-9.101031267599336161e+01,3.287553433736164976e+01
-7.132273756404178755e+01,-6.421928135305670082e+01,3.287553433736164976e+01
-6.425958235573283162e+01,-7.136749636197409075e+01,3.287553433736164976e+01
-1.971297883262721484e+01,9.274227376348943608e+01,3.287553433736164976e+01
1.014671325345296538e+02,3.296866988074341975e+01,3.287553433736164976e+01
1.109718595720667622e+02,-1.370388338409522646e+02,3.287553433736164976e+01
1.920694621323472120e+02,6.240715129165995734e+01,3.287553433736164976e+01
1.692473283699918625e+02,9.771499059403976162e+01,3.287553433736164976e+01
2.262014378178365916e+02,-5.639835273137715888e+01,3.287553433736164976e+01
2.389274640626034056e+02,-5.957130743911476856e+01,3.287553433736164976e+01
1.095254979756122253e+02,-1.401862446456647717e+02,3.287553433736164976e+01
2.164080298256182289e+02,4.206545973738827371e+01,3.287553433736164976e+01
-5.634604889447020781e+01,7.477373240417709610e+01,3.287553433736164976e+01
-5.986361943559998622e+01,7.134268352806884650e+01,3.287553433736164976e+01
7.653199783738929796e+01,2.102699359239770160e+02,3.287553433736164976e+01
2.395993693643245877e+02,-5.973883224609265596e+01,3.287553433736164976e+01
-9.251658071521599425e+01,-8.094152000762500521e+00,3.287553433736164976e+01
6.102645159952528786e+01,-8.399570465209578174e+01,3.287553433736164976e+01
1.131538269678693496e+02,1.616004124394047494e+02,3.287553433736164976e+01
2.050453546523391140e+02,7.160341565167995803e+00,3.287553433736164976e+01
1.990364176937662251e+02,5.333164738542827621e+01,3.287553433736164976e+01
1.081855095289671311e+02,-1.384711376461459906e+02,3.287553433736164976e+01
-5.943785557830857869e+01,-2.072844360547235283e+02,3.287553433736164976e+01
-9.176738390259225753e+01,1.126761793768807074e+01,3.287553433736164976e+01
1.488684356173444314e+02,-1.081592495536287828e+02,3.287553433736164976e+01
7.632799146104331101e+01,-1.798174792620742437e+02,3.287553433736164976e+01
-8.549805142316968443e+01,-3.986839613595387988e+01,3.287553433736164976e+01
-8.363813973589020634e+01,-4.447118774419353571e+01,3.287553433736164976e+01
-9.241555796703447356e+01,4.843294164255440570e+00,3.287553433736164976e+01
4.701040810784238744e+01,-1.754452315430160070e+02,3.287553433736164976e+01
-3.541317965941642054e+00,-1.014100782280449664e+02,3.287553433736164976e+01
1.370982827444599117e+01,9.755049700307993987e+01,3.287553433736164976e+01
1.915161515511040946e+01,2.189039629052688554e+02,3.287553433736164976e+01
1.759912004415160141e+02,1.187075635871251933e+02,3.287553433736164976e+01
3.085731756096163281e+01,-1.750005440856523933e+02,3.287553433736164976e+01
3.258713773451587770e+01,9.463991988090124607e+01,3.287553433736164976e+01
1.207659716475196205e+02,1.545733948639093285e+02,3.287553433736164976e+01
9.423907244705783626e+01,-1.345873434724913693e+02,3.287553433736164976e+01
-7.347189331466931606e+01,5.536504277598945123e+01,3.287553433736164976e+01
2.441012241290358133e+02,0.000000000000000000e+00,3.287553433736164976e+01
-9.180998737573627011e+01,-1.454127346670871823e+01,3.287553433736164976e+01
1.719757022243743734e+02,1.249476614495941078e+02,3.287553433736164976e+01
-5.118131793801920537e+01,7.881231829461060556e+01,3.287553433736164976e+01
-5.294830898660553231e+00,-1.010313921157478916e+02,3.287553433736164976e+01
9.928058288005583165e+01,1.867196197175309180e+02,3.287553433736164976e+01
-9.938846032219854010e+01,-2.131392409797446419e+02,3.287553433736164976e+01
1.098092715153932204e+02,-1.405494582133452752e+02,3.287553433736164976e+01
1.779058347171382763e+02,9.861481448997001564e+01,3.287553433736164976e+01
1.792654865714287951e+02,1.034989769284236303e+02,3.287553433736164976e+01
4.752343731419642836e+01,-1.773598826068960648e+02,3.287553433736164976e+01
4.782173619157039468e+01,-1.784731491730964308e+02,3.287553433736164976e+01
1.964603051497321076e+02,1.029604831016608379e+01,3.287553433736164976e+01
-8.378714361507737962e+00,9.576914338193098786e+01,3.287553433736164976e+01
-4.759543884278646431e+01,-8.586444460548729296e+01,3.287553433736164976e+01
-5.562488907649610326e+01,-7.944057445984907417e+01,3.287553433736164976e+01
7.776471731640147311e+01,6.759983743317566507e+01,3.287553433736164976e+01
-8.600264522741372275e+01,-2.128640165613972783e+02,3.287553433736164976e+01
1.169762706071755929e+02,-1.610040239878601085e+02,3.287553433736164976e+01
1.000957253312827504e+02,-3.643186459787241205e+01,3.287553433736164976e+01
1.062017759013629359e+02,-7.426351611521477381e+00,3.287553433736164976e+01
1.283543262967367582e+02,1.529667294891454787e+02,3.287553433736164976e+01
1.038203205353269709e+02,-1.482707838318546294e+02,3.287553433736164976e+01
1.738920824571160040e+02,-1.358593845870656196e+02,3.287553433736164976e+01
1.741933944723988930e+02,1.174949281493255455e+02,3.287553433736164976e+01
1.119907474322247225e+02,-1.599393627188913172e+02,3.287553433736164976e+01
1.043459832720826057e+02,-2.217942342839158343e+01,3.287553433736164976e+01
-6.957210184974216816e+01,6.047810545998063247e+01,3.287553433736164976e+01
7.832470314029698066e+00,2.242926037434712612e+02,3.287553433736164976e+01
1.051580383136233223e+02,-1.501812428105120887e+02,3.287553433736164976e+01
1.811937528747680233e+02,7.691218494984569531e+01,3.287553433736164976e+01
9.193928119954696854e+01,5.096277575297028051e+01,3.287553433736164976e+01
-3.743137864209202803e+01,2.363324235978837180e+02,3.287553433736164976e+01
7.658030007807403194e+01,6.895321190384005661e+01,3.287553433736164976e+01
1.879530679916032554e+01,9.669347107501427274e+01,3.287553433736164976e+01
1.289281963970875893e+02,-1.289281963970876461e+02,3.287553433736164976e+01
-4.156358727727684510e+01,-8.913340055732331280e+01,3.287553433736164976e+01
-3.800691270877824479e+01,-1.955286154105783680e+02,3.287553433736164976e+01
8.079676856850495881e+01,-6.779653870614860978e+01,3.287553433736164976e+01
6.107370810011110152e+00,-1.748922174081620255e+02,3.287553433736164976e+01
1.010334380129364718e+02,-1.749950479017666680e+02,3.287553433736164976e+01
-8.211525958151919724e+01,-4.740926722396611126e+01,3.287553433736164976e+01
5.128403779772251703e+00,9.785577351169608562e+01,3.287553433736164976e+01
-8.495211333626879480e+01,-4.143391414163882303e+01,3.287553433736164976e+01
1.795149484383460106e+02,1.036430038044408377e+02,3.287553433736164976e+01
1.002970028353390006e+02,-1.809405828255448512e+02,3.287553433736164976e+01
9.167456187765122877e+01,-5.292833297790300406e+01,3.287553433736164976e+01
7.145357756440151320e+01,7.399234559672349576e+01,3.287553433736164976e+01
1.706849273230914719e+02,-1.286203182758166577e+02,3.287553433736164976e+01
-5.884088387929411823e+01,-2.052025483290162242e+02,3.287553433736164976e+01
-3.375416641996169886e+01,8.793260982849693619e+01,3.287553433736164976e+01
-7.046300808118928671e+00,-1.007667962013079404e+02,3.287553433736164976e+01
-9.227257919571337652e+01,-1.132964811992414056e+01,3.287553433736164976e+01
1.213510111984801227e+02,1.553222113416632340e+02,3.287553433736164976e+01
1.049887481674975334e+02,1.662858411888278098e+01,3.287553433736164976e+01
-8.469143102545254465e+01,2.326877943637294948e+02,3.287553433736164976e+01
1.064784812885164769e+02,0.000000000000000000e+00,3.287553433736164976e+01
2.257070201672445080e+02,-9.119155550267150545e+01,3.287553433736164976e+01
4.633706688917255434e+01,-1.858478243950686419e+02,3.287553433736164976e+01
-9.015591999434124659e+01,2.081413416835457042e+01,3.287553433736164976e+01
4.163325889533266633e+01,2.141845492479151858e+02,3.287553433736164976e+01
2.052183673834981050e+02,-1.075503890266054086e+01,3.287553433736164976e+01
1.306346285023551559e+02,-1.450844532847781920e+02,3.287553433736164976e+01
1.089246765005594000e+02,-1.209731088952426887e+02,3.287553433736164976e+01
-2.128738877184671452e+01,2.433159670514223194e+02,3.287553433736164976e+01
-8.770152253264269859e+01,-3.366546031812967499e+01,3.287553433736164976e+01
-6.466230076992539466e+01,6.695977260670102282e+01,3.287553433736164976e+01
1.351078752303332351e+02,-1.259901319082905502e+02,3.287553433736164976e+01
6.167744450639422382e+01,8.184873334299065561e+01,3.287553433736164976e+01
9.402354882616462817e+01,-1.247734635801356546e+02,3.287553433736164976e+01
-6.758023485438056355e+01,6.301958852643609532e+01,3.287553433736164976e+01
1.152129555560835144e+02,1.585770290314422084e+02,3.287553433736164976e+01
2.133911392370037277e+02,4.147903561213870915e+01,3.287553433736164976e+01
1.730007059559782476e+02,-1.303653826437700047e+02,3.287553433736164976e+01
-2.443172156324520117e+01,9.118042619040717511e+01,3.287553433736164976e+01
-8.450792762680394787e+01,-2.201506781405218760e+02,3.287553433736164976e+01
2.450202618070970857e+02,-8.556296083373281292e+00,3.287553433736164976e+01
1.734982906127026183e+02,1.260538866663617341e+02,3.287553433736164976e+01
9.074546116605849022e+01,-5.452537397017939469e+01,3.287553433736164976e+01
1.905553606467796612e+01,2.178057738764243254e+02,3.287553433736164976e+01
2.412607379792937650e+02,-5.569943016689808957e+01,3.287553433736164976e+01
1.032173408700896999e+02,2.573497345792327806e+01,3.287553433736164976e+01
-8.844196920559839725e+01,2.703942351477343919e+01,3.287553433736164976e+01
4.596289479484253349e+01,9.020726018778596256e+01,3.287553433736164976e+01
1.858679443864450889e+02,6.765039926091188249e+01,3.287553433736164976e+01
-4.005017656165871642e+01,-8.995416935884222198e+01,3.287553433736164976e+01
1.445422996134966525e+02,1.445422996134966525e+02,3.287553433736164976e+01
1.688360263288046497e+02,-1.272270714433327328e+02,3.287553433736164976e+01
8.731719624789042200e+01,5.670445026009722511e+01,3.287553433736164976e+01
5.206150856649475855e+01,2.088073059296102656e+02,3.287553433736164976e+01
8.270029512680406469e+01,6.231914233749957077e+01,3.287553433736164976e+01
5.001369800577113978e+01,-9.022709962013425411e+01,3.287553433736164976e+01
1.671233479333642435e+02,9.648870991719931567e+01,3.287553433736164976e+01
1.954986439378915293e+02,6.826963080904374870e+00,3.287553433736164976e+01
-5.850233141638322110e+01,-2.040218755798628649e+02,3.287553433736164976e+01
-6.550274869712215775e+01,-7.024309812340382564e+01,3.287553433736164976e+01
-4.463864117765155015e+01,-8.760826612673371017e+01,3.287553433736164976e+01
1.984016608998790900e+02,-1.239751172642416464e+02,3.287553433736164976e+01
1.710346285877011780e+02,8.341916213548016401e+01,3.287553433736164976e+01
2.090010516334115493e+02,-9.745879093910802737e+01,3.287553433736164976e+01
8.670656459467083721e+01,-6.071259014145570632e+01,3.287553433736164976e+01
1.676514017149582116e+02,8.914183152311069591e+01,3.287553433736164976e+01
2.034917345141201110e+02,0.000000000000000000e+00,3.287553433736164976e+01
5.639774668409257430e+01,-1.735744165034120954e+02,3.287553433736164976e+01
-8.133914420058667361e+01,4.324879013472499167e+01,3.287553433736164976e+01
9.414961867549074270e+01,4.797162677535848729e+01,3.287553433736164976e+01
-3.758812466556026521e+01,-1.933741377010009330e+02,3.287553433736164976e+01
-9.127056177612304566e+01,-1.774120001321601947e+01,3.287553433736164976e+01
9.984955086373989275e+01,-1.480330468341082621e+02,3.287553433736164976e+01
-2.270791473513324732e+01,-1.849411242598345950e+02,3.287553433736164976e+01
1.536317793389323754e+02,-1.116200213428697623e+02,3.287553433736164976e+01
8.711800781811584216e+01,1.868251706669552448e+02,3.287553433736164976e+01
1.261536763065374771e+02,-1.614693423589468182e+02,3.287553433736164976e+01
7.820632271334936547e+01,-1.842425503866201382e+02,3.287553433736164976e+01
1.907321295411247064e+01,2.180078216472108181e+02,3.287553433736164976e+01
2.228385479924702679e+02,-7.240463332269541752e+01,3.287553433736164976e+01
-1.693430239517746294e+00,9.701655344633962841e+01,3.287553433736164976e+01
1.293766676825528350e+02,-1.488308311335402720e+02,3.287553433736164976e+01
2.216127278422482618e+02,-5.116332960734165880e+01,3.287553433736164976e+01
8.569707041374204692e+00,9.795219970224935935e+01,3.287553433736164976e+01
1.664532039982635467e+02,1.300474957698337732e+02,3.287553433736164976e+01
-8.435175215979214158e+01,-4.297936443486072733e+01,3.287553433736164976e+01
2.337499592051398736e+02,-5.828041049329252132e+01,3.287553433736164976e+01
1.087339771308155036e+02,-1.496594802637805799e+02,3.287553433736164976e+01
1.228133064170879578e+02,-1.629787623068773996e+02,3.287553433736164976e+01
-5.933587246262428039e+01,-7.594645344741172721e+01,3.287553433736164976e+01
1.028895953598694746e+01,9.789291088012872422e+01,3.287553433736164976e+01
2.142824658010439620e+01,-1.745190634924317408e+02,3.287553433736164976e+01
2.328854241758531032e+02,4.526834074497102023e+01,3.287553433736164976e+01
-5.062330413684999542e+01,-2.030389830246641623e+02,3.287553433736164976e+01
9.852893651382979101e+01,-3.980827435523445956e+01,3.287553433736164976e+01
2.058349870689742716e+02,-1.048781643079991142e+02,3.287553433736164976e+01
8.321399250614729226e+01,-6.501389626929055510e+01,3.287553433736164976e+01
1.040073723546544215e+02,-2.401199391924200555e+01,3.287553433736164976e+01
2.060818965218847438e+02,5.138198768193655042e+01,3.287553433736164976e+01
1.674569749171803323e+02,8.903845296096446305e+01,3.287553433736164976e+01
3.241649876311346645e+01,-1.838431000909058071e+02,3.287553433736164976e+01
4.695750357359578686e+01,-1.752477891332569584e+02,3.287553433736164976e+01
-3.680610858150915021e+01,8.670975797851423295e+01,3.287553433736164976e+01
7.394449878394031828e+01,7.140737243438650239e+01,3.287553433736164976e+01
1.064941615070132457e+02,3.718858066203363233e+00,3.287553433736164976e+01
-1.774715285028467759e+00,-1.016733705848032798e+02,3.287553433736164976e+01
1.855358204011886585e+02,6.752951601619267308e+01,3.287553433736164976e+01
1.440123608185627369e+01,-1.024701191817471084e+02,3.287553433736164976e+01
3.039143640179317174e+01,-1.723584007375578722e+02,3.287553433736164976e+01
-2.267747879517117582e+01,-1.846932434209224425e+02,3.287553433736164976e+01
7.428174551774748124e+01,-7.428174551774750967e+01,3.287553433736164976e+01
-8.000756774857313758e+01,-2.198189857746907023e+02,3.287553433736164976e+01
-6.186444839186083300e+01,-7.372717862485922069e+01,3.287553433736164976e+01
7.187063934668137755e+00,-1.027798026953400239e+02,3.287553433736164976e+01
-7.850774311007559447e+01,2.280030415220606983e+02,3.287553433736164976e+01
-2.033635621905762747e+01,2.324456152314144219e+02,3.287553433736164976e+01
1.869462908208880947e+02,5.009210765345076766e+01,3.287553433736164976e+01
-4.608979236782311517e+01,-1.996368236919915660e+02,3.287553433736164976e+01
-1.005514602089433396e+02,-2.156333022854206831e+02,3.287553433736164976e+01
-9.219987235766170386e+01,8.066443609832608885e+00,3.287553433736164976e+01
1.870287202815337366e+02,5.011419456086329660e+01,3.287553433736164976e+01
2.074275657218001925e+02,-3.620661627576152508e+00,3.287553433736164976e+01
1.998215318012417185e+02,0.000000000000000000e+00,3.287553433736164976e+01
6.659742172158810547e+01,1.829749123739600520e+02,3.287553433736164976e+01
-6.715067171225334164e+01,-2.066685168390619936e+02,3.287553433736164976e+01
7.960225756780737072e+01,-6.919718680392632848e+01,3.287553433736164976e+01
1.803686498863737597e+02,7.656194951049303654e+01,3.287553433736164976e+01
7.546305501528463822e+01,2.073330396575563555e+02,3.287553433736164976e+01
-3.551288609579638944e+01,-9.251423122387559772e+01,3.287553433736164976e+01
1.619513822252095991e+01,-1.022520784828135305e+02,3.287553433736164976e+01
2.280563401488449813e+02,-9.680417307011610717e+01,3.287553433736164976e+01
3.795344606738735393e+01,2.152446886738150624e+02,3.287553433736164976e+01
-7.956126496149092020e+01,-5.166768959039124809e+01,3.287553433736164976e+01
-5.688673568217841847e+01,-7.829787450757274314e+01,3.287553433736164976e+01
-8.825541151609233737e+01,-3.212234280477220949e+01,3.287553433736164976e+01
-2.579692062909319006e+01,-9.627541846659752878e+01,3.287553433736164976e+01
1.903778633709638370e+02,5.820435390304852064e+01,3.287553433736164976e+01
1.814125616108508723e+02,1.047385912804042931e+02,3.287553433736164976e+01
-2.129279263261731003e+01,9.222921758431726857e+01,3.287553433736164976e+01
1.018867376124582904e+02,-1.764730061622166204e+02,3.287553433736164976e+01
1.064179452858164865e+02,-1.464717359050884511e+02,3.287553433736164976e+01
5.377999057334876376e+00,-1.026183351194800224e+02,3.287553433736164976e+01
2.400407265965282733e+01,9.627507695054462999e+01,3.287553433736164976e+01
5.402681570062739524e+01,8.646097865985119313e+01,3.287553433736164976e+01
1.265892656195089643e+02,-1.357503674753646976e+02,3.287553433736164976e+01
8.334611939147048076e+01,-1.871984491154542241e+02,3.287553433736164976e+01
1.764822089960696871e+02,7.857494189166642684e+01,3.287553433736164976e+01
1.026418070802102989e+02,-2.943206456619601852e+01,3.287553433736164976e+01
7.149190627651206853e+01,-7.666568331094872235e+01,3.287553433736164976e+01
2.048974589263015673e+02,5.108667422173741812e+01,3.287553433736164976e+01
6.261376741565452164e+01,-8.309127581108916161e+01,3.287553433736164976e+01
2.254615933447431075e+02,5.621388878648615872e+01,3.287553433736164976e+01
-5.390188570250824540e+01,7.697987062567841576e+01,3.287553433736164976e+01
1.026217648610124371e+02,-1.180528361893719307e+02,3.287553433736164976e+01
5.173704677723657852e+01,-1.692242549239607285e+02,3.287553433736164976e+01
7.009960678404746659e+01,7.517262490024646127e+01,3.287553433736164976e+01
-8.440845338341769377e+01,3.758106472882594318e+01,3.287553433736164976e+01
1.080459338255035959e+02,-1.601846842962019934e+02,3.287553433736164976e+01
1.543349219947093616e+02,1.389637879404279488e+02,3.287553433736164976e+01
-4.832651288614449214e+01,8.042882384995819223e+01,3.287553433736164976e+01
-7.970307865489833432e+01,4.601659391664745868e+01,3.287553433736164976e+01
1.061911651936548822e+02,-9.290523121053499978e+00,3.287553433736164976e+01
1.732889341480880887e+02,1.259017802913064230e+02,3.287553433736164976e+01
2.123932567160135534e+02,-6.901075245408488001e+01,3.287553433736164976e+01
2.274732234421524879e+02,-9.655665471321405846e+01,3.287553433736164976e+01
1.613769571970987613e+02,1.354113452645972586e+02,3.287553433736164976e+01
9.345381097419527805e+01,-1.240173959139985982e+02,3.287553433736164976e+01
1.750934167306702420e+02,-1.367979697876234013e+02,3.287553433736164976e+01
-5.311701527049817884e+01,-8.179303079744435934e+01,3.287553433736164976e+01
1.072266980116189075e+02,-1.589701172545287875e+02,3.287553433736164976e+01
1.109768829750635888e+02,1.645299951060353294e+02,3.287553433736164976e+01
1.961527575380271458e+02,6.849805231156127050e+00,3.287553433736164976e+01
2.298281264987415113e+02,-5.730258777712115403e+01,3.287553433736164976e+01
2.254618340288433842e+02,5.621394879577219683e+01,3.287553433736164976e+01
1.664585777135097260e+02,9.610490465181706554e+01,3.287553433736164976e+01
1.106826110018062650e+02,-1.640937189643567251e+02,3.287553433736164976e+01
9.286434027501834976e+01,-1.904001136115971065e+02,3.287553433736164976e+01
-5.119462419181939339e+01,2.408517704162675841e+02,3.287553433736164976e+01
1.839825738990366233e+02,-1.336711643495392536e+02,3.287553433736164976e+01
-8.909471505872959085e+01,-2.894862775283974798e+01,3.287553433736164976e+01
-6.356295185826135707e+01,6.816292068960474637e+01,3.287553433736164976e+01
2.460075262206214859e+02,2.152286968636087749e+01,3.287553433736164976e+01
-3.728458769084424773e+01,2.354056220071024370e+02,3.287553433736164976e+01
6.014605550853119809e+01,8.278394338959797949e+01,3.287553433736164976e+01
-6.793517583585695263e+01,-6.793517583585693842e+01,3.287553433736164976e+01
1.725640292837859988e+02,-1.348217957315062563e+02,3.287553433736164976e+01
1.063408740906271390e+02,-3.713505151669743043e+00,3.287553433736164976e+01
1.063403262484647200e+02,7.436039995587937490e+00,3.287553433736164976e+01
6.619565298378640250e+01,1.818710618390070692e+02,3.287553433736164976e+01
-1.903288077102045150e+01,-9.791568320603747111e+01,3.287553433736164976e+01
1.952168318656629253e+02,6.817121986490087160e+00,3.287553433736164976e+01
-4.701331725336994083e+01,-2.036370494530386850e+02,3.287553433736164976e+01
-3.062273292987406847e+01,-9.424708100158788682e+01,3.287553433736164976e+01
1.975153125098844953e+02,-4.198317570428106649e+01,3.287553433736164976e+01
1.545088433894170237e+02,1.391203874676126588e+02,3.287553433736164976e+01
1.034982757066788679e+02,-1.656318643096088294e+02,3.287553433736164976e+01
4.664987891689438015e+01,-1.740997182847863485e+02,3.287553433736164976e+01
3.081679859598433779e+01,-1.747707496162269081e+02,3.287553433736164976e+01
7.621361907975058614e+01,2.093951974765306261e+02,3.287553433736164976e+01
1.452519653156827246e+02,-1.134832727229951388e+02,3.287553433736164976e+01
2.465871589251669320e+02,-2.157358097701751376e+01,3.287553433736164976e+01
1.763104357330409186e+02,9.773047039240630340e+01,3.287553433736164976e+01
-1.619026187321023613e+01,-1.850555400061956846e+02,3.287553433736164976e+01
2.442679627834201881e+02,-1.280154147947173904e+01,3.287553433736164976e+01
-2.343346953671736088e+01,-1.908502939164160068e+02,3.287553433736164976e+01
-6.191083530349254715e+01,2.310543828916630389e+02,3.287553433736164976e+01
-2.349625097879045654e+01,-1.913616077299070923e+02,3.287553433736164976e+01
9.885823990173688003e+01,3.994132156020525315e+01,3.287553433736164976e+01
1.031180850244540324e+02,-2.763040760734629941e+01,3.287553433736164976e+01
-1.811965705499087775e+01,9.321755447025807939e+01,3.287553433736164976e+01
8.449866998877470792e+01,2.091415472203784418e+02,3.287553433736164976e+01
1.064521240780122753e+02,1.858128737528378815e+00,3.287553433736164976e+01
1.983316453560172192e+02,-3.855176653609494508e+01,3.287553433736164976e+01
-7.065023496099996692e+01,5.928258609836326798e+01,3.287553433736164976e+01
-8.731385350534429790e+01,3.006457078461866672e+01,3.287553433736164976e+01
3.412236726085459804e+00,9.771367514944964228e+01,3.287553433736164976e+01
1.171100389700741999e+02,-1.611881403440847862e+02,3.287553433736164976e+01
-7.887992839416020274e+01,4.739584260376476266e+01,3.287553433736164976e+01
7.294871800512819959e+01,-7.554060884647016394e+01,3.287553433736164976e+01
1.725599922646006235e+02,8.046604588415058856e+01,3.287553433736164976e+01
1.412657305139428274e+02,-1.228004260436915871e+02,3.287553433736164976e+01
-8.870418948404771697e+01,-3.054330185383638252e+01,3.287553433736164976e+01
-2.758198788026864534e+01,9.021661728117456391e+01,3.287553433736164976e+01
-5.255569923566205404e+01,7.791702835968744978e+01,3.287553433736164976e+01
3.344866299773804741e+01,-9.714197092174376280e+01,3.287553433736164976e+01
9.394806780705859239e+01,-1.246732968846003473e+02,3.287553433736164976e+01
8.700984316603272362e+01,-1.865932108220084160e+02,3.287553433736164976e+01
-2.412859650857953042e+01,-9.677451482959030216e+01,3.287553433736164976e+01
1.111706393264276471e+02,1.850190140707631485e+02,3.287553433736164976e+01
-2.287418626097175789e+01,9.174335012565308034e+01,3.287553433736164976e+01
-3.877509890179871377e+01,2.448163394229063101e+02,3.287553433736164976e+01
2.122586034975480231e+02,4.511695894431933596e+01,3.287553433736164976e+01
2.021290700693354268e+02,-1.166992730155796778e+02,3.287553433736164976e+01
1.615223833496905570e+02,-1.217158461554154485e+02,3.287553433736164976e+01
2.117938764664716871e+02,4.501817816447863407e+01,3.287553433736164976e+01
6.713235710762464237e+01,-8.000522776232912747e+01,3.287553433736164976e+01
