0.000000000000000000e+00,0.000000000000000000e+00,0.000000000000000000e+00
3.300000000000000000e+01,0.000000000000000000e+00,1.107797673679684181e+00
-2.230000000000000000e+02,0.000000000000000000e+00,3.375396559334916446e+00
6.600000000000000000e+01,0.000000000000000000e+00,3.862564113936201693e+00
-1.900000000000000000e+02,0.000000000000000000e+00,3.167503190819147108e+00
9.900000000000000000e+01,0.000000000000000000e+00,3.961379343824901866e+00
-1.570000000000000000e+02,0.000000000000000000e+00,3.395029138042389150e+00
1.320000000000000000e+02,0.000000000000000000e+00,3.542081104751289899e+00
-1.240000000000000000e+02,0.000000000000000000e+00,3.403531021384836208e+00
1.650000000000000000e+02,0.000000000000000000e+00,3.945841690240214916e+00
-9.100000000000000000e+01,0.000000000000000000e+00,3.388671202287525830e+00
1.980000000000000000e+02,0.000000000000000000e+00,3.677479461071271771e+00
-5.800000000000000000e+01,0.000000000000000000e+00,2.690405403953803898e+00
2.310000000000000000e+02,0.000000000000000000e+00,3.753239484585549235e+00
-2.500000000000000000e+01,0.000000000000000000e+00,1.346381011718264631e+00
8.000000000000000000e+00,0.000000000000000000e+00,7.855786519371008580e-01
-2.480000000000000000e+02,0.000000000000000000e+00,3.394252053914811995e+00
4.100000000000000000e+01,0.000000000000000000e+00,1.317541197948031595e+00
-2.150000000000000000e+02,0.000000000000000000e+00,3.283194293116551421e+00
7.400000000000000000e+01,0.000000000000000000e+00,4.116817234288973282e+00
-1.820000000000000000e+02,0.000000000000000000e+00,3.133960684954232079e+00
1.070000000000000000e+02,0.000000000000000000e+00,3.854180249154140370e+00
-1.490000000000000000e+02,0.000000000000000000e+00,3.410607279212442222e+00
1.400000000000000000e+02,0.000000000000000000e+00,3.489909535894568648e+00
-1.160000000000000000e+02,0.000000000000000000e+00,3.447919330512476677e+00
1.730000000000000000e+02,0.000000000000000000e+00,3.905535923700512058e+00
-8.300000000000000000e+01,0.000000000000000000e+00,3.381397699128427803e+00
2.060000000000000000e+02,0.000000000000000000e+00,3.677265201816240392e+00
-5.000000000000000000e+01,0.000000000000000000e+00,1.732002323953992118e+00
2.390000000000000000e+02,0.000000000000000000e+00,3.853025680572613965e+00
-1.700000000000000000e+01,0.000000000000000000e+00,1.683324296900877926e+00
1.600000000000000000e+01,0.000000000000000000e+00,1.609968480460182150e+00
-2.400000000000000000e+02,0.000000000000000000e+00,3.449928878757319239e+00
4.900000000000000000e+01,0.000000000000000000e+00,2.195250192659671029e+00
-2.070000000000000000e+02,0.000000000000000000e+00,3.311954574519447192e+00
8.200000000000000000e+01,0.000000000000000000e+00,4.102146564884549207e+00
-1.740000000000000000e+02,0.000000000000000000e+00,3.334708333363792576e+00
1.150000000000000000e+02,0.000000000000000000e+00,3.630946768027911276e+00
-1.410000000000000000e+02,0.000000000000000000e+00,3.456022234818348693e+00
1.480000000000000000e+02,0.000000000000000000e+00,3.651346988540097982e+00
-1.080000000000000000e+02,0.000000000000000000e+00,3.462572579281655294e+00
1.810000000000000000e+02,0.000000000000000000e+00,3.829709397805984850e+00
-7.500000000000000000e+01,0.000000000000000000e+00,3.261024294719618410e+00
2.140000000000000000e+02,0.000000000000000000e+00,3.516927146855948649e+00
-4.200000000000000000e+01,0.000000000000000000e+00,8.619966842748567615e-01
2.470000000000000000e+02,0.000000000000000000e+00,4.041990766231123189e+00
-9.000000000000000000e+00,0.000000000000000000e+00,7.449784775810002202e-01
2.400000000000000000e+01,0.000000000000000000e+00,1.472525291376484802e+00
-2.320000000000000000e+02,0.000000000000000000e+00,3.390569737323076538e+00
5.700000000000000000e+01,0.000000000000000000e+00,3.132430512818231705e+00
-1.990000000000000000e+02,0.000000000000000000e+00,3.220490180444244288e+00
9.000000000000000000e+01,0.000000000000000000e+00,4.019398863021535817e+00
-1.660000000000000000e+02,0.000000000000000000e+00,3.337401582225652419e+00
1.230000000000000000e+02,0.000000000000000000e+00,3.544659568415241324e+00
-1.330000000000000000e+02,0.000000000000000000e+00,3.391893112045565317e+00
1.560000000000000000e+02,0.000000000000000000e+00,3.892703026681544998e+00
-1.000000000000000000e+02,0.000000000000000000e+00,3.480640989524616202e+00
1.890000000000000000e+02,0.000000000000000000e+00,3.801066007904253752e+00
-6.700000000000000000e+01,0.000000000000000000e+00,3.231074757092272876e+00
2.220000000000000000e+02,0.000000000000000000e+00,3.707779976106934328e+00
-3.400000000000000000e+01,0.000000000000000000e+00,6.751883399991243095e-01
-1.000000000000000000e+00,0.000000000000000000e+00,1.998335087860425574e-02
3.200000000000000000e+01,0.000000000000000000e+00,1.135533244818972776e+00
-2.240000000000000000e+02,0.000000000000000000e+00,3.361998767185383485e+00
6.500000000000000000e+01,0.000000000000000000e+00,3.808501866233044097e+00
-1.910000000000000000e+02,0.000000000000000000e+00,3.181659208691840490e+00
9.800000000000000000e+01,0.000000000000000000e+00,3.948972361617279603e+00
-1.580000000000000000e+02,0.000000000000000000e+00,3.405444300848074590e+00
1.310000000000000000e+02,0.000000000000000000e+00,3.547454393455410582e+00
-1.250000000000000000e+02,0.000000000000000000e+00,3.385260701114503945e+00
1.640000000000000000e+02,0.000000000000000000e+00,3.952947486261720655e+00
-9.200000000000000000e+01,0.000000000000000000e+00,3.396237483176477667e+00
1.970000000000000000e+02,0.000000000000000000e+00,3.705466455482536503e+00
-5.900000000000000000e+01,0.000000000000000000e+00,2.781494232036607173e+00
-2.600000000000000000e+01,0.000000000000000000e+00,1.231954986301744270e+00
2.300000000000000000e+02,0.000000000000000000e+00,3.755403349467798080e+00
7.000000000000000000e+00,0.000000000000000000e+00,6.396934400561633538e-01
-2.490000000000000000e+02,0.000000000000000000e+00,3.412166624035421592e+00
4.000000000000000000e+01,0.000000000000000000e+00,1.279765688574116211e+00
-2.160000000000000000e+02,0.000000000000000000e+00,3.268587936320813014e+00
7.300000000000000000e+01,0.000000000000000000e+00,4.114877896123601886e+00
-1.830000000000000000e+02,0.000000000000000000e+00,3.129678205668142255e+00
1.060000000000000000e+02,0.000000000000000000e+00,3.868815736876584310e+00
-1.500000000000000000e+02,0.000000000000000000e+00,3.412519719695310982e+00
1.390000000000000000e+02,0.000000000000000000e+00,3.484355729487148778e+00
-1.170000000000000000e+02,0.000000000000000000e+00,3.456127227897383136e+00
1.720000000000000000e+02,0.000000000000000000e+00,3.913230179573929490e+00
-8.400000000000000000e+01,0.000000000000000000e+00,3.407821528854000803e+00
-5.100000000000000000e+01,0.000000000000000000e+00,1.880006830258764694e+00
2.050000000000000000e+02,0.000000000000000000e+00,3.677376397245978978e+00
2.380000000000000000e+02,0.000000000000000000e+00,3.806939718754975388e+00
-1.800000000000000000e+01,0.000000000000000000e+00,1.742416716504422425e+00
1.500000000000000000e+01,0.000000000000000000e+00,1.602850904580293445e+00
-2.410000000000000000e+02,0.000000000000000000e+00,3.444593216276118142e+00
4.800000000000000000e+01,0.000000000000000000e+00,2.059229091547877033e+00
-2.080000000000000000e+02,0.000000000000000000e+00,3.281057593188677401e+00
8.100000000000000000e+01,0.000000000000000000e+00,4.101548967871906370e+00
-1.750000000000000000e+02,0.000000000000000000e+00,3.303246420001300976e+00
1.140000000000000000e+02,0.000000000000000000e+00,3.648964945337553445e+00
-1.420000000000000000e+02,0.000000000000000000e+00,3.500178605320982683e+00
1.470000000000000000e+02,0.000000000000000000e+00,3.621789612998426833e+00
-1.090000000000000000e+02,0.000000000000000000e+00,3.437033029537886364e+00
-7.600000000000000000e+01,0.000000000000000000e+00,3.275069818923114440e+00
1.800000000000000000e+02,0.000000000000000000e+00,3.827803668238658474e+00
2.130000000000000000e+02,0.000000000000000000e+00,3.522359888247379445e+00
-4.300000000000000000e+01,0.000000000000000000e+00,1.006178470222920396e+00
2.460000000000000000e+02,0.000000000000000000e+00,4.019382012338539312e+00
-1.000000000000000000e+01,0.000000000000000000e+00,8.861806757816879099e-01
2.300000000000000000e+01,0.000000000000000000e+00,1.515351425337570390e+00
-2.330000000000000000e+02,0.000000000000000000e+00,3.419928252307457228e+00
5.600000000000000000e+01,0.000000000000000000e+00,3.043908888311008809e+00
-2.000000000000000000e+02,0.000000000000000000e+00,3.246580115687109469e+00
8.900000000000000000e+01,0.000000000000000000e+00,4.035419474376311655e+00
-1.670000000000000000e+02,0.000000000000000000e+00,3.335043174037679137e+00
1.220000000000000000e+02,0.000000000000000000e+00,3.500680788552969602e+00
-1.340000000000000000e+02,0.000000000000000000e+00,3.395574090763687991e+00
1.550000000000000000e+02,0.000000000000000000e+00,3.847655907156095623e+00
-1.010000000000000000e+02,0.000000000000000000e+00,3.461295346869405876e+00
1.880000000000000000e+02,0.000000000000000000e+00,3.788675269097851128e+00
-6.800000000000000000e+01,0.000000000000000000e+00,3.289306852939333226e+00
2.210000000000000000e+02,0.000000000000000000e+00,3.717018281880996255e+00
-3.500000000000000000e+01,0.000000000000000000e+00,6.401435618234074809e-01
-2.000000000000000000e+00,0.000000000000000000e+00,3.936129934771770422e-02
3.100000000000000000e+01,0.000000000000000000e+00,1.196070258837153233e+00
-2.250000000000000000e+02,0.000000000000000000e+00,3.366525178626403658e+00
6.400000000000000000e+01,0.000000000000000000e+00,3.742420939012276904e+00
-1.920000000000000000e+02,0.000000000000000000e+00,3.183551034347971154e+00
9.700000000000000000e+01,0.000000000000000000e+00,3.959881472380715195e+00
-1.590000000000000000e+02,0.000000000000000000e+00,3.430209748843566331e+00
1.300000000000000000e+02,0.000000000000000000e+00,3.549239106942678745e+00
-1.260000000000000000e+02,0.000000000000000000e+00,3.385064469131194187e+00
1.630000000000000000e+02,0.000000000000000000e+00,3.951898251984871990e+00
-9.300000000000000000e+01,0.000000000000000000e+00,3.380383737324933691e+00
1.960000000000000000e+02,0.000000000000000000e+00,3.702116531074494787e+00
-6.000000000000000000e+01,0.000000000000000000e+00,2.873205506392963571e+00
-2.700000000000000000e+01,0.000000000000000000e+00,1.117594006505910897e+00
2.290000000000000000e+02,0.000000000000000000e+00,3.718595292939113506e+00
6.000000000000000000e+00,0.000000000000000000e+00,4.856062474665776563e-01
3.900000000000000000e+01,0.000000000000000000e+00,1.232111802702490877e+00
-2.170000000000000000e+02,0.000000000000000000e+00,3.284699257069220835e+00
7.200000000000000000e+01,0.000000000000000000e+00,4.128565418223914207e+00
-1.840000000000000000e+02,0.000000000000000000e+00,3.145404337895158164e+00
1.050000000000000000e+02,0.000000000000000000e+00,3.863377408743673413e+00
-1.510000000000000000e+02,0.000000000000000000e+00,3.367337234263487744e+00
1.380000000000000000e+02,0.000000000000000000e+00,3.500302374077634227e+00
-1.180000000000000000e+02,0.000000000000000000e+00,3.461665824997140817e+00
1.710000000000000000e+02,0.000000000000000000e+00,3.921096736186228782e+00
-8.500000000000000000e+01,0.000000000000000000e+00,3.419620738887473976e+00
-5.200000000000000000e+01,0.000000000000000000e+00,2.046385190202343551e+00
2.040000000000000000e+02,0.000000000000000000e+00,3.637416710953317533e+00
2.370000000000000000e+02,0.000000000000000000e+00,3.823319800189551643e+00
-1.900000000000000000e+01,0.000000000000000000e+00,1.750154579146936840e+00
1.400000000000000000e+01,0.000000000000000000e+00,1.601635823819307802e+00
-2.420000000000000000e+02,0.000000000000000000e+00,3.482300912122170189e+00
4.700000000000000000e+01,0.000000000000000000e+00,1.942721095616420257e+00
-2.090000000000000000e+02,0.000000000000000000e+00,3.276495026790158249e+00
8.000000000000000000e+01,0.000000000000000000e+00,4.114942317058350341e+00
-1.760000000000000000e+02,0.000000000000000000e+00,3.286710546745268857e+00
1.130000000000000000e+02,0.000000000000000000e+00,3.693144589829202573e+00
-1.430000000000000000e+02,0.000000000000000000e+00,3.514403728570144381e+00
1.460000000000000000e+02,0.000000000000000000e+00,3.551123841014870663e+00
-1.100000000000000000e+02,0.000000000000000000e+00,3.384576951422957336e+00
-7.700000000000000000e+01,0.000000000000000000e+00,3.284978750697177929e+00
1.790000000000000000e+02,0.000000000000000000e+00,3.827011428168702878e+00
2.120000000000000000e+02,0.000000000000000000e+00,3.506366415092912803e+00
-4.400000000000000000e+01,0.000000000000000000e+00,1.054914639454025860e+00
2.450000000000000000e+02,0.000000000000000000e+00,3.977291234051762103e+00
-1.100000000000000000e+01,0.000000000000000000e+00,1.015128538463940799e+00
2.200000000000000000e+01,0.000000000000000000e+00,1.562147972638783244e+00
-2.340000000000000000e+02,0.000000000000000000e+00,3.443125657774046999e+00
5.500000000000000000e+01,0.000000000000000000e+00,2.943086027190375376e+00
-2.010000000000000000e+02,0.000000000000000000e+00,3.272683740622426285e+00
8.800000000000000000e+01,0.000000000000000000e+00,4.058426879586150449e+00
-1.680000000000000000e+02,0.000000000000000000e+00,3.301775873440107034e+00
1.210000000000000000e+02,0.000000000000000000e+00,3.517533105109109215e+00
-1.350000000000000000e+02,0.000000000000000000e+00,3.389459731494767425e+00
-1.020000000000000000e+02,0.000000000000000000e+00,3.467254136821139809e+00
1.540000000000000000e+02,0.000000000000000000e+00,3.821317925516751757e+00
1.870000000000000000e+02,0.000000000000000000e+00,3.745510210975780296e+00
-6.900000000000000000e+01,0.000000000000000000e+00,3.286567327266283201e+00
2.200000000000000000e+02,0.000000000000000000e+00,3.702019934851946914e+00
-3.600000000000000000e+01,0.000000000000000000e+00,6.094282089192688545e-01
-3.000000000000000000e+00,0.000000000000000000e+00,8.743990377421084759e-02
3.000000000000000000e+01,0.000000000000000000e+00,1.221168996939127283e+00
-2.260000000000000000e+02,0.000000000000000000e+00,3.398555547311858049e+00
6.300000000000000000e+01,0.000000000000000000e+00,3.659087634396684052e+00
-1.930000000000000000e+02,0.000000000000000000e+00,3.160188859437056408e+00
9.600000000000000000e+01,0.000000000000000000e+00,3.972160727263215563e+00
-1.600000000000000000e+02,0.000000000000000000e+00,3.452226284846588555e+00
-1.270000000000000000e+02,0.000000000000000000e+00,3.371129971721714469e+00
1.290000000000000000e+02,0.000000000000000000e+00,3.546483579676404929e+00
1.620000000000000000e+02,0.000000000000000000e+00,3.956597597287839108e+00
-9.400000000000000000e+01,0.000000000000000000e+00,3.400147400076164672e+00
1.950000000000000000e+02,0.000000000000000000e+00,3.709974667755219002e+00
-6.100000000000000000e+01,0.000000000000000000e+00,2.934079638573976467e+00
-2.800000000000000000e+01,0.000000000000000000e+00,1.043520536154488809e+00
2.280000000000000000e+02,0.000000000000000000e+00,3.725937541308681489e+00
5.000000000000000000e+00,0.000000000000000000e+00,3.704017255066389680e-01
3.800000000000000000e+01,0.000000000000000000e+00,1.180549440269217598e+00
-2.180000000000000000e+02,0.000000000000000000e+00,3.299369749743249258e+00
7.100000000000000000e+01,0.000000000000000000e+00,4.110072381927764695e+00
-1.850000000000000000e+02,0.000000000000000000e+00,3.208316187056098556e+00
-1.520000000000000000e+02,0.000000000000000000e+00,3.367035545784275996e+00
1.040000000000000000e+02,0.000000000000000000e+00,3.869760218570561960e+00
1.370000000000000000e+02,0.000000000000000000e+00,3.512525112459044863e+00
-1.190000000000000000e+02,0.000000000000000000e+00,3.496071155688511567e+00
1.700000000000000000e+02,0.000000000000000000e+00,3.929275719356510876e+00
-8.600000000000000000e+01,0.000000000000000000e+00,3.436410159114686280e+00
-5.300000000000000000e+01,0.000000000000000000e+00,2.126302835288129245e+00
2.030000000000000000e+02,0.000000000000000000e+00,3.634136482420629477e+00
2.360000000000000000e+02,0.000000000000000000e+00,3.828168615876748504e+00
-2.000000000000000000e+01,0.000000000000000000e+00,1.746375104402346778e+00
1.300000000000000000e+01,0.000000000000000000e+00,1.527796760846811708e+00
-2.430000000000000000e+02,0.000000000000000000e+00,3.460754123070131527e+00
4.600000000000000000e+01,0.000000000000000000e+00,1.782281675621419481e+00
-2.100000000000000000e+02,0.000000000000000000e+00,3.257689536337863956e+00
7.900000000000000000e+01,0.000000000000000000e+00,4.120468895964052081e+00
-1.770000000000000000e+02,0.000000000000000000e+00,3.275228790804746382e+00
1.120000000000000000e+02,0.000000000000000000e+00,3.739443588798607720e+00
-1.440000000000000000e+02,0.000000000000000000e+00,3.470002420830951451e+00
1.450000000000000000e+02,0.000000000000000000e+00,3.545713404964658366e+00
-1.110000000000000000e+02,0.000000000000000000e+00,3.387093596973031140e+00
-7.800000000000000000e+01,0.000000000000000000e+00,3.308040799042572644e+00
1.780000000000000000e+02,0.000000000000000000e+00,3.850657014457738114e+00
2.110000000000000000e+02,0.000000000000000000e+00,3.530683032662764731e+00
-4.500000000000000000e+01,0.000000000000000000e+00,1.122754250949171251e+00
2.440000000000000000e+02,0.000000000000000000e+00,3.932633844139175494e+00
-1.200000000000000000e+01,0.000000000000000000e+00,1.156931186816009927e+00
2.100000000000000000e+01,0.000000000000000000e+00,1.580183786494586684e+00
-2.350000000000000000e+02,0.000000000000000000e+00,3.444696846431909876e+00
5.400000000000000000e+01,0.000000000000000000e+00,2.831979981887499775e+00
-2.020000000000000000e+02,0.000000000000000000e+00,3.248394850300257986e+00
8.700000000000000000e+01,0.000000000000000000e+00,4.056794531501992651e+00
-1.690000000000000000e+02,0.000000000000000000e+00,3.316293113344713106e+00
1.200000000000000000e+02,0.000000000000000000e+00,3.560289424124150059e+00
-1.360000000000000000e+02,0.000000000000000000e+00,3.377039909459952582e+00
-1.030000000000000000e+02,0.000000000000000000e+00,3.480888063511258679e+00
1.530000000000000000e+02,0.000000000000000000e+00,3.806860337223014312e+00
1.860000000000000000e+02,0.000000000000000000e+00,3.731103540820996045e+00
-7.000000000000000000e+01,0.000000000000000000e+00,3.286993455046754775e+00
2.190000000000000000e+02,0.000000000000000000e+00,3.677293991539883677e+00
-3.700000000000000000e+01,0.000000000000000000e+00,6.360595709654859320e-01
-4.000000000000000000e+00,0.000000000000000000e+00,1.550216364127550150e-01
2.900000000000000000e+01,0.000000000000000000e+00,1.245758395256814310e+00
-2.270000000000000000e+02,0.000000000000000000e+00,3.395010196083418919e+00
6.200000000000000000e+01,0.000000000000000000e+00,3.581770112812634466e+00
-1.940000000000000000e+02,0.000000000000000000e+00,3.115594651768844869e+00
9.500000000000000000e+01,0.000000000000000000e+00,3.994199516828416563e+00
-1.610000000000000000e+02,0.000000000000000000e+00,3.462419491459911569e+00
-1.280000000000000000e+02,0.000000000000000000e+00,3.414991469136893443e+00
1.280000000000000000e+02,0.000000000000000000e+00,3.544998332778419581e+00
1.610000000000000000e+02,0.000000000000000000e+00,3.958585097320238333e+00
-9.500000000000000000e+01,0.000000000000000000e+00,3.397342676668003492e+00
1.940000000000000000e+02,0.000000000000000000e+00,3.757813406160423142e+00
-6.200000000000000000e+01,0.000000000000000000e+00,2.981116937965353486e+00
2.270000000000000000e+02,0.000000000000000000e+00,3.729438858082218644e+00
-2.900000000000000000e+01,0.000000000000000000e+00,9.800614654187711494e-01
4.000000000000000000e+00,0.000000000000000000e+00,2.700115918991627950e-01
3.700000000000000000e+01,0.000000000000000000e+00,1.151526244775524788e+00
-2.190000000000000000e+02,0.000000000000000000e+00,3.307125513811399742e+00
7.000000000000000000e+01,0.000000000000000000e+00,4.074098620026560980e+00
-1.860000000000000000e+02,0.000000000000000000e+00,3.194581008627480401e+00
-1.530000000000000000e+02,0.000000000000000000e+00,3.399893253197632248e+00
1.030000000000000000e+02,0.000000000000000000e+00,3.916607222819763479e+00
1.360000000000000000e+02,0.000000000000000000e+00,3.544146904390927943e+00
-1.200000000000000000e+02,0.000000000000000000e+00,3.498380632813834268e+00
1.690000000000000000e+02,0.000000000000000000e+00,3.926391661094257302e+00
-8.700000000000000000e+01,0.000000000000000000e+00,3.426079592455209877e+00
2.020000000000000000e+02,0.000000000000000000e+00,3.640762139741923420e+00
-5.400000000000000000e+01,0.000000000000000000e+00,2.226557782872745861e+00
2.350000000000000000e+02,0.000000000000000000e+00,3.809528229391602849e+00
-2.100000000000000000e+01,0.000000000000000000e+00,1.719104920926014302e+00
1.200000000000000000e+01,0.000000000000000000e+00,1.393813184889197032e+00
-2.440000000000000000e+02,0.000000000000000000e+00,3.444763293983001518e+00
4.500000000000000000e+01,0.000000000000000000e+00,1.661846249260051422e+00
-2.110000000000000000e+02,0.000000000000000000e+00,3.237842947285102468e+00
-1.780000000000000000e+02,0.000000000000000000e+00,3.245978952784952298e+00
7.800000000000000000e+01,0.000000000000000000e+00,4.118511475016731538e+00
1.110000000000000000e+02,0.000000000000000000e+00,3.735682702425606294e+00
-1.450000000000000000e+02,0.000000000000000000e+00,3.444239149437763103e+00
1.440000000000000000e+02,0.000000000000000000e+00,3.533132188770352400e+00
-1.120000000000000000e+02,0.000000000000000000e+00,3.397114331884694138e+00
1.770000000000000000e+02,0.000000000000000000e+00,3.891713624464003374e+00
-7.900000000000000000e+01,0.000000000000000000e+00,3.353840908121810571e+00
2.100000000000000000e+02,0.000000000000000000e+00,3.515239738908107370e+00
-4.600000000000000000e+01,0.000000000000000000e+00,1.239446173746372892e+00
2.430000000000000000e+02,0.000000000000000000e+00,3.917196708964908680e+00
-1.300000000000000000e+01,0.000000000000000000e+00,1.302110437043282332e+00
2.000000000000000000e+01,0.000000000000000000e+00,1.586025383268832911e+00
-2.360000000000000000e+02,0.000000000000000000e+00,3.467950970874198902e+00
-2.030000000000000000e+02,0.000000000000000000e+00,3.228815708092994896e+00
5.300000000000000000e+01,0.000000000000000000e+00,2.682634706852525142e+00
8.600000000000000000e+01,0.000000000000000000e+00,4.060631977327801678e+00
-1.700000000000000000e+02,0.000000000000000000e+00,3.329056202360220595e+00
1.190000000000000000e+02,0.000000000000000000e+00,3.547587855175621030e+00
-1.370000000000000000e+02,0.000000000000000000e+00,3.375554446999572633e+00
-1.040000000000000000e+02,0.000000000000000000e+00,3.494823844116069722e+00
1.520000000000000000e+02,0.000000000000000000e+00,3.789730705906293906e+00
1.850000000000000000e+02,0.000000000000000000e+00,3.739786642254244953e+00
-7.100000000000000000e+01,0.000000000000000000e+00,3.307415544774826799e+00
2.180000000000000000e+02,0.000000000000000000e+00,3.659896061884182927e+00
-3.800000000000000000e+01,0.000000000000000000e+00,6.641758792089262897e-01
-5.000000000000000000e+00,0.000000000000000000e+00,2.318285362629382007e-01
-2.280000000000000000e+02,0.000000000000000000e+00,3.437744125502689485e+00
2.800000000000000000e+01,0.000000000000000000e+00,1.302120935719202066e+00
6.100000000000000000e+01,0.000000000000000000e+00,3.504550924417500823e+00
-1.950000000000000000e+02,0.000000000000000000e+00,3.120196991985835666e+00
9.400000000000000000e+01,0.000000000000000000e+00,4.017914391558832676e+00
-1.620000000000000000e+02,0.000000000000000000e+00,3.400750883800270685e+00
-1.290000000000000000e+02,0.000000000000000000e+00,3.394099050870693191e+00
1.270000000000000000e+02,0.000000000000000000e+00,3.570560071494213616e+00
1.600000000000000000e+02,0.000000000000000000e+00,3.946595916043335706e+00
-9.600000000000000000e+01,0.000000000000000000e+00,3.427867908472734371e+00
1.930000000000000000e+02,0.000000000000000000e+00,3.765101795248341432e+00
-6.300000000000000000e+01,0.000000000000000000e+00,3.030752392688853547e+00
2.260000000000000000e+02,0.000000000000000000e+00,3.718070124287294220e+00
-3.000000000000000000e+01,0.000000000000000000e+00,9.007024983974076804e-01
3.000000000000000000e+00,0.000000000000000000e+00,1.778993390596212976e-01
3.600000000000000000e+01,0.000000000000000000e+00,1.129376148920883338e+00
-2.200000000000000000e+02,0.000000000000000000e+00,3.256275732614952290e+00
6.900000000000000000e+01,0.000000000000000000e+00,3.974056371273391619e+00
-1.870000000000000000e+02,0.000000000000000000e+00,3.195203719729221348e+00
-1.540000000000000000e+02,0.000000000000000000e+00,3.387987843748604178e+00
1.020000000000000000e+02,0.000000000000000000e+00,3.939760401422347513e+00
1.350000000000000000e+02,0.000000000000000000e+00,3.522314865820717955e+00
-1.210000000000000000e+02,0.000000000000000000e+00,3.469539733310170959e+00
1.680000000000000000e+02,0.000000000000000000e+00,3.935628395815655267e+00
-8.800000000000000000e+01,0.000000000000000000e+00,3.411961841469846490e+00
2.010000000000000000e+02,0.000000000000000000e+00,3.661445374326603996e+00
-5.500000000000000000e+01,0.000000000000000000e+00,2.342493988916871217e+00
2.340000000000000000e+02,0.000000000000000000e+00,3.805382140581698991e+00
-2.200000000000000000e+01,0.000000000000000000e+00,1.668013881232681683e+00
1.100000000000000000e+01,0.000000000000000000e+00,1.280064202193855749e+00
-2.450000000000000000e+02,0.000000000000000000e+00,3.443658820377521579e+00
4.400000000000000000e+01,0.000000000000000000e+00,1.558974740424403649e+00
-2.120000000000000000e+02,0.000000000000000000e+00,3.226372937225406190e+00
-1.790000000000000000e+02,0.000000000000000000e+00,3.212482331493575316e+00
7.700000000000000000e+01,0.000000000000000000e+00,4.139127743293968820e+00
1.100000000000000000e+02,0.000000000000000000e+00,3.774871505177586073e+00
-1.460000000000000000e+02,0.000000000000000000e+00,3.439271922594244302e+00
1.430000000000000000e+02,0.000000000000000000e+00,3.517895830151900327e+00
-1.130000000000000000e+02,0.000000000000000000e+00,3.418368358152221731e+00
1.760000000000000000e+02,0.000000000000000000e+00,3.934598000921710081e+00
-8.000000000000000000e+01,0.000000000000000000e+00,3.355446643721876399e+00
2.090000000000000000e+02,0.000000000000000000e+00,3.542844929263722520e+00
-4.700000000000000000e+01,0.000000000000000000e+00,1.348439714338326212e+00
2.420000000000000000e+02,0.000000000000000000e+00,3.919165271771760217e+00
-1.400000000000000000e+01,0.000000000000000000e+00,1.435174929182281289e+00
1.900000000000000000e+01,0.000000000000000000e+00,1.603692999977297973e+00
-2.370000000000000000e+02,0.000000000000000000e+00,3.423812612962620960e+00
-2.040000000000000000e+02,0.000000000000000000e+00,3.204647083447568434e+00
5.200000000000000000e+01,0.000000000000000000e+00,2.592843431948779198e+00
8.500000000000000000e+01,0.000000000000000000e+00,4.075576773050912038e+00
-1.710000000000000000e+02,0.000000000000000000e+00,3.306594137363362051e+00
1.180000000000000000e+02,0.000000000000000000e+00,3.552935319874407583e+00
-1.380000000000000000e+02,0.000000000000000000e+00,3.380910625152353077e+00
1.510000000000000000e+02,0.000000000000000000e+00,3.773629420295776526e+00
-1.050000000000000000e+02,0.000000000000000000e+00,3.484159800372921723e+00
1.840000000000000000e+02,0.000000000000000000e+00,3.764029904808950278e+00
-7.200000000000000000e+01,0.000000000000000000e+00,3.309070046718204594e+00
2.170000000000000000e+02,0.000000000000000000e+00,3.604392511096520479e+00
-3.900000000000000000e+01,0.000000000000000000e+00,6.907297396668070633e-01
-6.000000000000000000e+00,0.000000000000000000e+00,3.351951446069847407e-01
-2.290000000000000000e+02,0.000000000000000000e+00,3.421739113858379255e+00
2.700000000000000000e+01,0.000000000000000000e+00,1.361546442819559388e+00
6.000000000000000000e+01,0.000000000000000000e+00,3.405344597351060543e+00
-1.960000000000000000e+02,0.000000000000000000e+00,3.180693405356208814e+00
9.300000000000000000e+01,0.000000000000000000e+00,4.027320273808655315e+00
-1.630000000000000000e+02,0.000000000000000000e+00,3.413545056888622753e+00
1.260000000000000000e+02,0.000000000000000000e+00,3.594940731030973780e+00
-1.300000000000000000e+02,0.000000000000000000e+00,3.415795363329721113e+00
1.590000000000000000e+02,0.000000000000000000e+00,3.954582088355010683e+00
-9.700000000000000000e+01,0.000000000000000000e+00,3.451509618040432770e+00
1.920000000000000000e+02,0.000000000000000000e+00,3.781061536697862380e+00
-6.400000000000000000e+01,0.000000000000000000e+00,3.078499458638816577e+00
2.250000000000000000e+02,0.000000000000000000e+00,3.702920337901943526e+00
-3.100000000000000000e+01,0.000000000000000000e+00,8.290668702259154088e-01
2.000000000000000000e+00,0.000000000000000000e+00,8.934181595223833483e-02
3.500000000000000000e+01,0.000000000000000000e+00,1.105048002239570337e+00
-2.210000000000000000e+02,0.000000000000000000e+00,3.266545644372513379e+00
6.800000000000000000e+01,0.000000000000000000e+00,3.981577000996708193e+00
-1.880000000000000000e+02,0.000000000000000000e+00,3.190208565696821097e+00
1.010000000000000000e+02,0.000000000000000000e+00,3.929388528996000218e+00
-1.550000000000000000e+02,0.000000000000000000e+00,3.400783925650458173e+00
1.340000000000000000e+02,0.000000000000000000e+00,3.529003133602870435e+00
-1.220000000000000000e+02,0.000000000000000000e+00,3.473579336578410448e+00
1.670000000000000000e+02,0.000000000000000000e+00,3.938589428387970770e+00
-8.900000000000000000e+01,0.000000000000000000e+00,3.417208922572868346e+00
2.000000000000000000e+02,0.000000000000000000e+00,3.634434764885696723e+00
-5.600000000000000000e+01,0.000000000000000000e+00,2.485522615478430453e+00
2.330000000000000000e+02,0.000000000000000000e+00,3.788280514131770360e+00
-2.300000000000000000e+01,0.000000000000000000e+00,1.583160432949426877e+00
1.000000000000000000e+01,0.000000000000000000e+00,1.139546136986936631e+00
-2.460000000000000000e+02,0.000000000000000000e+00,3.471419212329678317e+00
4.300000000000000000e+01,0.000000000000000000e+00,1.466249399591745828e+00
-2.130000000000000000e+02,0.000000000000000000e+00,3.256782372929876601e+00
-1.800000000000000000e+02,0.000000000000000000e+00,3.194044295791769628e+00
7.600000000000000000e+01,0.000000000000000000e+00,4.145925611341894523e+00
1.090000000000000000e+02,0.000000000000000000e+00,3.779453836206329242e+00
-1.470000000000000000e+02,0.000000000000000000e+00,3.415619616391424529e+00
1.420000000000000000e+02,0.000000000000000000e+00,3.508582665537403500e+00
-1.140000000000000000e+02,0.000000000000000000e+00,3.424432707304760015e+00
1.750000000000000000e+02,0.000000000000000000e+00,3.901373567643162232e+00
-8.100000000000000000e+01,0.000000000000000000e+00,3.359583945373557867e+00
2.080000000000000000e+02,0.000000000000000000e+00,3.598786152027685148e+00
-4.800000000000000000e+01,0.000000000000000000e+00,1.482438074098482161e+00
2.410000000000000000e+02,0.000000000000000000e+00,3.896025862682506613e+00
-1.500000000000000000e+01,0.000000000000000000e+00,1.528551294519090220e+00
1.800000000000000000e+01,0.000000000000000000e+00,1.635069724651145862e+00
-2.380000000000000000e+02,0.000000000000000000e+00,3.406842879009431613e+00
-2.050000000000000000e+02,0.000000000000000000e+00,3.182904142861630703e+00
5.100000000000000000e+01,0.000000000000000000e+00,2.445360077860030401e+00
8.400000000000000000e+01,0.000000000000000000e+00,4.093232365586203514e+00
-1.720000000000000000e+02,0.000000000000000000e+00,3.340959240088622551e+00
1.170000000000000000e+02,0.000000000000000000e+00,3.577803511799800162e+00
-1.390000000000000000e+02,0.000000000000000000e+00,3.395542555807352869e+00
1.500000000000000000e+02,0.000000000000000000e+00,3.730274588542783931e+00
-1.060000000000000000e+02,0.000000000000000000e+00,3.479675852197857466e+00
1.830000000000000000e+02,0.000000000000000000e+00,3.795220102602087309e+00
-7.300000000000000000e+01,0.000000000000000000e+00,3.284634672726411964e+00
2.160000000000000000e+02,0.000000000000000000e+00,3.564305644280509000e+00
-4.000000000000000000e+01,0.000000000000000000e+00,7.592967365029039684e-01
2.490000000000000000e+02,0.000000000000000000e+00,4.063795105584688372e+00
-7.000000000000000000e+00,0.000000000000000000e+00,4.462421468581396766e-01
-2.300000000000000000e+02,0.000000000000000000e+00,3.408876598123185886e+00
2.600000000000000000e+01,0.000000000000000000e+00,1.399077228999303202e+00
5.900000000000000000e+01,0.000000000000000000e+00,3.294619901933117490e+00
-1.970000000000000000e+02,0.000000000000000000e+00,3.187718147331040086e+00
9.200000000000000000e+01,0.000000000000000000e+00,4.018031302449941222e+00
-1.640000000000000000e+02,0.000000000000000000e+00,3.363481771576758206e+00
1.250000000000000000e+02,0.000000000000000000e+00,3.570335356291224116e+00
-1.310000000000000000e+02,0.000000000000000000e+00,3.407332002556856310e+00
1.580000000000000000e+02,0.000000000000000000e+00,3.961217680686232256e+00
-9.800000000000000000e+01,0.000000000000000000e+00,3.427589365673412658e+00
1.910000000000000000e+02,0.000000000000000000e+00,3.797273848906371541e+00
-6.500000000000000000e+01,0.000000000000000000e+00,3.117765936827581186e+00
2.240000000000000000e+02,0.000000000000000000e+00,3.721660579358783139e+00
-3.200000000000000000e+01,0.000000000000000000e+00,7.896567741275646313e-01
1.000000000000000000e+00,0.000000000000000000e+00,3.443911969723956190e-02
3.400000000000000000e+01,0.000000000000000000e+00,1.098728075179508323e+00
-2.220000000000000000e+02,0.000000000000000000e+00,3.333413279984640099e+00
6.700000000000000000e+01,0.000000000000000000e+00,3.930171000134038195e+00
-1.890000000000000000e+02,0.000000000000000000e+00,3.188388813660395726e+00
1.000000000000000000e+02,0.000000000000000000e+00,3.928758763926950337e+00
-1.560000000000000000e+02,0.000000000000000000e+00,3.374063309362469454e+00
1.330000000000000000e+02,0.000000000000000000e+00,3.523491042590407574e+00
-1.230000000000000000e+02,0.000000000000000000e+00,3.427875816314625013e+00
1.660000000000000000e+02,0.000000000000000000e+00,3.955673200500370967e+00
-9.000000000000000000e+01,0.000000000000000000e+00,3.382253079205071344e+00
1.990000000000000000e+02,0.000000000000000000e+00,3.657866569210995067e+00
-5.700000000000000000e+01,0.000000000000000000e+00,2.593169985701138103e+00
2.320000000000000000e+02,0.000000000000000000e+00,3.778451791174333607e+00
-2.400000000000000000e+01,0.000000000000000000e+00,1.475117522599020958e+00
9.000000000000000000e+00,0.000000000000000000e+00,9.588142076130736768e-01
-2.470000000000000000e+02,0.000000000000000000e+00,3.449694748112477782e+00
4.200000000000000000e+01,0.000000000000000000e+00,1.384061820364607343e+00
-2.140000000000000000e+02,0.000000000000000000e+00,3.282709598076749558e+00
7.500000000000000000e+01,0.000000000000000000e+00,4.139504448072344189e+00
-1.810000000000000000e+02,0.000000000000000000e+00,3.158281494639524567e+00
1.080000000000000000e+02,0.000000000000000000e+00,3.823416144780892978e+00
-1.480000000000000000e+02,0.000000000000000000e+00,3.410279555541706031e+00
1.410000000000000000e+02,0.000000000000000000e+00,3.487359282303316377e+00
-1.150000000000000000e+02,0.000000000000000000e+00,3.433321593027741869e+00
1.740000000000000000e+02,0.000000000000000000e+00,3.909429203895683713e+00
-8.200000000000000000e+01,0.000000000000000000e+00,3.354999483746070155e+00
2.070000000000000000e+02,0.000000000000000000e+00,3.667464245689671998e+00
-4.900000000000000000e+01,0.000000000000000000e+00,1.614441785025519494e+00
2.400000000000000000e+02,0.000000000000000000e+00,3.869849713155787185e+00
-1.600000000000000000e+01,0.000000000000000000e+00,1.609922812159211958e+00
1.700000000000000000e+01,0.000000000000000000e+00,1.641081426225056816e+00
-2.390000000000000000e+02,0.000000000000000000e+00,3.412580677319525080e+00
5.000000000000000000e+01,0.000000000000000000e+00,2.322880982620247892e+00
-2.060000000000000000e+02,0.000000000000000000e+00,3.244661950507463644e+00
8.300000000000000000e+01,0.000000000000000000e+00,4.081893425795755093e+00
-1.730000000000000000e+02,0.000000000000000000e+00,3.312069963297602726e+00
1.160000000000000000e+02,0.000000000000000000e+00,3.608062712995135257e+00
-1.400000000000000000e+02,0.000000000000000000e+00,3.455189595843663142e+00
1.490000000000000000e+02,0.000000000000000000e+00,3.675069523093156931e+00
-1.070000000000000000e+02,0.000000000000000000e+00,3.479477263396191233e+00
1.820000000000000000e+02,0.000000000000000000e+00,3.815214698387677572e+00
-7.400000000000000000e+01,0.000000000000000000e+00,3.262604169452870906e+00
2.150000000000000000e+02,0.000000000000000000e+00,3.525164695529738879e+00
-4.100000000000000000e+01,0.000000000000000000e+00,8.249416376390428240e-01
2.480000000000000000e+02,0.000000000000000000e+00,4.052796175541942603e+00
-8.000000000000000000e+00,0.000000000000000000e+00,5.873218893533049823e-01
2.500000000000000000e+01,0.000000000000000000e+00,1.437273591709839593e+00
-2.310000000000000000e+02,0.000000000000000000e+00,3.379611164374253462e+00
5.800000000000000000e+01,0.000000000000000000e+00,3.217936722335565491e+00
-1.980000000000000000e+02,0.000000000000000000e+00,3.205692410438416573e+00
9.100000000000000000e+01,0.000000000000000000e+00,4.040142977772475774e+00
-1.650000000000000000e+02,0.000000000000000000e+00,3.349851552839155033e+00
1.240000000000000000e+02,0.000000000000000000e+00,3.540384350542609582e+00
-1.320000000000000000e+02,0.000000000000000000e+00,3.382745354570531049e+00
1.570000000000000000e+02,0.000000000000000000e+00,3.931298523876264994e+00
-9.900000000000000000e+01,0.000000000000000000e+00,3.440814590254248628e+00
1.900000000000000000e+02,0.000000000000000000e+00,3.822589929835800149e+00
-6.600000000000000000e+01,0.000000000000000000e+00,3.187309068432369941e+00
2.230000000000000000e+02,0.000000000000000000e+00,3.718019346440271988e+00
-3.300000000000000000e+01,0.000000000000000000e+00,7.319622048397889102e-01
