6.142950616323185630e-15,1.003219968500329600e+02,3.045075491104448773e+01
-2.764626280623750581e-14,-1.504992450366691514e+02,3.045075491104448773e+01
-1.738339648732580872e-14,-9.463080293533781173e+01,3.045075491104448773e+01
1.094396498187502094e-14,1.787285115919893883e+02,3.045075491104448773e+01
-4.927601664469408149e+01,-7.885811089010545061e+01,3.045075491104448773e+01
-3.610795775325332357e+01,-8.506501769806594382e+01,3.045075491104448773e+01
8.980122113395860595e+01,1.070209279057422549e+02,3.045075491104448773e+01
2.984963585396222641e+01,-9.186773285841579195e+01,3.045075491104448773e+01
9.777377280650991054e+01,8.803590046123969159e+01,3.045075491104448773e+01
3.005499138406780801e+01,-1.704503262252310378e+02,3.045075491104448773e+01
9.760199169558904941e+01,-2.983992343281499870e+01,3.045075491104448773e+01
8.859604482272877135e+01,1.313490380187829203e+02,3.045075491104448773e+01
-7.038925309030729238e+01,1.126463521938282497e+02,3.045075491104448773e+01
9.682987522531058744e+01,-3.524319236972342395e+01,3.045075491104448773e+01
-6.288427003852542185e+01,-6.984005729068479695e+01,3.045075491104448773e+01
1.020299008426201652e+02,5.347160523630618556e+00,3.045075491104448773e+01
3.916842500353163814e+01,9.227502671016026170e+01,3.045075491104448773e+01
9.110225668781042430e+01,1.350646499087764880e+02,3.045075491104448773e+01
4.233632516635314857e+01,9.079054230818731241e+01,3.045075491104448773e+01
1.987266820829853486e+01,-9.349355320843649508e+01,3.045075491104448773e+01
3.814417412643307870e+01,1.652205699731388506e+02,3.045075491104448773e+01
-4.002673402114257328e+01,1.309215477824224649e+02,3.045075491104448773e+01
-1.484736921036572141e+02,-5.112359203835691801e+01,3.045075491104448773e+01
9.641156358145627792e+01,9.641156358145627792e+01,3.045075491104448773e+01
-1.206456313711598760e+01,1.725312909569251190e+02,3.045075491104448773e+01
6.004886023010838869e+01,-7.685903617425894652e+01,3.045075491104448773e+01
-2.219065848923795059e+01,-1.578947395340913715e+02,3.045075491104448773e+01
6.693439751078045674e+01,7.699921625277441706e+01,3.045075491104448773e+01
1.003361459900035868e+02,1.410132570825610898e+01,3.045075491104448773e+01
9.756224264073171071e+01,9.421476256315867204e+01,3.045075491104448773e+01
-3.308030968082598378e+01,-8.617715300620415064e+01,3.045075491104448773e+01
-1.197612568794605750e+02,7.483513897011501115e+01,3.045075491104448773e+01
1.100744781718771605e+02,-1.572026465943447704e+02,3.045075491104448773e+01
-5.219059112572900894e+00,9.958558030833700059e+01,3.045075491104448773e+01
-2.635567607454131434e+01,1.355881991928941375e+02,3.045075491104448773e+01
9.736000264964768292e+01,-3.163418248615850459e+01,3.045075491104448773e+01
-2.631619575317413862e+01,1.353850905470528403e+02,3.045075491104448773e+01
-6.414353398557410912e+01,-6.878551879653447543e+01,3.045075491104448773e+01
9.395756296588029954e+01,9.395756296588029954e+01,3.045075491104448773e+01
-1.492690405353075960e+02,-6.030860708151536187e+01,3.045075491104448773e+01
-9.486364149780614241e+01,-1.843962396027324857e+01,3.045075491104448773e+01
-9.031409654465973347e+01,4.021042646940708920e+01,3.045075491104448773e+01
-3.921764086317664066e+01,9.239097200954094546e+01,3.045075491104448773e+01
-9.176553461656803279e+01,-2.981642963226552112e+01,3.045075491104448773e+01
1.282192538654270493e+02,2.725384374153086497e+01,3.045075491104448773e+01
-1.108991947571620642e+02,-1.321645137676528066e+02,3.045075491104448773e+01
-7.857601011848048245e+01,-1.611046954018940198e+02,3.045075491104448773e+01
-4.641420019776855810e+01,-8.039175293520848697e+01,3.045075491104448773e+01
-1.301291954022814821e+02,-1.131195837658995202e+02,3.045075491104448773e+01
6.436881932505549742e+01,-1.768518776125441718e+02,3.045075491104448773e+01
-9.589157363009599067e+01,-1.476600745580312264e+02,3.045075491104448773e+01
-1.492653131484677829e+02,-3.999552011611059044e+01,3.045075491104448773e+01
-8.176186743012539893e+00,-9.345424210977716939e+01,3.045075491104448773e+01
9.005115151484051239e+01,-4.991616837842080656e+01,3.045075491104448773e+01
-3.764369648612007779e+01,-8.454912661351464465e+01,3.045075491104448773e+01
-1.237755825731361767e+02,3.784199320802758848e+01,3.045075491104448773e+01
8.619999502764918020e+01,1.379488284459138470e+02,3.045075491104448773e+01
1.300732903988454154e+02,-8.127881267224030637e+01,3.045075491104448773e+01
9.837030672156362243e+01,2.090925416716103058e+01,3.045075491104448773e+01
-4.996636143977078603e+01,1.301668217892849100e+02,3.045075491104448773e+01
8.327514383809494802e+01,-5.616979376007312652e+01,3.045075491104448773e+01
-7.966359535143666903e+01,5.787898995662893498e+01,3.045075491104448773e+01
-5.422105326639398015e+01,8.349310022604433357e+01,3.045075491104448773e+01
7.309054225227318113e+01,1.318588286817845869e+02,3.045075491104448773e+01
-4.343102959116803419e+01,-1.620868090592665567e+02,3.045075491104448773e+01
1.165069825698126778e+02,7.858495201495080096e+01,3.045075491104448773e+01
3.368339472634109910e+01,1.732860436109111788e+02,3.045075491104448773e+01
1.015560296211692446e+02,8.885001304555245838e+00,3.045075491104448773e+01
1.470829390641180510e+02,0.000000000000000000e+00,3.045075491104448773e+01
9.940047635118671110e+01,1.752698587598792557e+01,3.045075491104448773e+01
-3.109148141446246782e+01,9.568974049568153362e+01,3.045075491104448773e+01
9.853618707195087723e+01,8.565620061662562534e+01,3.045075491104448773e+01
1.163858485149263089e+02,-1.387032530947889484e+02,3.045075491104448773e+01
-7.071990509320276885e+01,1.275820860364005966e+02,3.045075491104448773e+01
-1.287137354811315788e+02,2.971590728354308908e+01,3.045075491104448773e+01
1.472603086882438390e+02,-2.570438249502667194e+00,3.045075491104448773e+01
1.006793832496237684e+02,-1.236187386428027501e+01,3.045075491104448773e+01
-3.118226923208077039e+01,-1.604188684049687481e+02,3.045075491104448773e+01
-1.451485028250309028e+02,1.525572238938279312e+01,3.045075491104448773e+01
-7.823219178117980732e+01,-5.477877041584981299e+01,3.045075491104448773e+01
-9.621037034178806380e+01,-1.181314807672226408e+01,3.045075491104448773e+01
4.650617622237430027e+01,1.735634125276525310e+02,3.045075491104448773e+01
7.597371671382666136e+01,-1.264414979247323600e+02,3.045075491104448773e+01
-6.909015273141066871e+01,1.299396787367841455e+02,3.045075491104448773e+01
1.361118876113487204e+02,-1.142114346935261722e+02,3.045075491104448773e+01
-7.398396647117900216e+01,-5.991103476079553047e+01,3.045075491104448773e+01
-9.674697447389407046e+01,1.532321540513992453e+01,3.045075491104448773e+01
-3.428037350124889571e+01,9.418455212515193864e+01,3.045075491104448773e+01
-2.814486502063191864e+01,-1.596174613071042074e+02,3.045075491104448773e+01
-7.816955110463021583e+01,-1.602713309243522986e+02,3.045075491104448773e+01
7.860791322575381912e+01,1.257989577910365284e+02,3.045075491104448773e+01
-1.485375306064416634e+02,-2.352603365228992160e+01,3.045075491104448773e+01
7.859281180039697290e+01,-6.140343420639766947e+01,3.045075491104448773e+01
1.031671042821793378e+02,8.354307379867306338e+01,3.045075491104448773e+01
3.756179996272541644e+01,9.296871727839440780e+01,3.045075491104448773e+01
-6.792491492365017791e+01,-6.559432787149448529e+01,3.045075491104448773e+01
3.593490460856656910e+01,9.361362703659162321e+01,3.045075491104448773e+01
-9.560299490961460833e+01,-1.514202684210878758e+01,3.045075491104448773e+01
1.024048386976278664e+02,8.292580329924922466e+01,3.045075491104448773e+01
-1.477912624235344765e+02,-5.379162040679162260e+01,3.045075491104448773e+01
5.998028318321774321e+01,1.647944736583845042e+02,3.045075491104448773e+01
3.433670430425243580e+01,9.433931973442388141e+01,3.045075491104448773e+01
5.365624349597736398e+01,8.586793916524688086e+01,3.045075491104448773e+01
3.800367134857044960e+01,-8.953103905651813932e+01,3.045075491104448773e+01
1.030620163113876515e+02,8.345797523784509053e+01,3.045075491104448773e+01
1.332535631861201750e+02,4.073970267968718417e+01,3.045075491104448773e+01
7.947652384494652722e+01,6.435882002347995012e+01,3.045075491104448773e+01
1.322690537600674645e+02,1.624059768697256700e+01,3.045075491104448773e+01
-2.704426975721074911e+01,1.533756753989063952e+02,3.045075491104448773e+01
-1.037953507226087169e+02,-1.377410826847121825e+02,3.045075491104448773e+01
7.518027295913429953e+01,1.251209857633986928e+02,3.045075491104448773e+01
9.638258209066189863e+01,2.763726068201681585e+01,3.045075491104448773e+01
-1.926059742622500437e+01,-9.061398657796117106e+01,3.045075491104448773e+01
-2.809975261510973610e+01,-1.593616161418270565e+02,3.045075491104448773e+01
8.777416020545782516e+00,1.003263241979336584e+02,3.045075491104448773e+01
-1.229240060609477467e+02,-1.272915345686871120e+02,3.045075491104448773e+01
1.017117929782369572e+02,-1.775385950400556467e+00,3.045075491104448773e+01
-7.827256796815308348e+01,-1.604825467953806708e+02,3.045075491104448773e+01
-1.209167970885009709e+02,6.161018538794511556e+01,3.045075491104448773e+01
-1.379371311742739579e+02,1.938579955168570734e+01,3.045075491104448773e+01
1.018570781236447544e+02,7.122540747067555245e+00,3.045075491104448773e+01
-2.923714267725587845e+01,1.504120597757736846e+02,3.045075491104448773e+01
1.209838262809977891e+02,7.269441675152314986e+01,3.045075491104448773e+01
9.748466467591660489e+01,2.430565675148345406e+01,3.045075491104448773e+01
-1.497603196384024216e+02,-3.183253861694234033e+01,3.045075491104448773e+01
7.336362276881035882e+01,1.379769069349863457e+02,3.045075491104448773e+01
8.597474853103922499e+01,-5.372298539515790594e+01,3.045075491104448773e+01
4.564063524600035748e+01,8.957479021172893852e+01,3.045075491104448773e+01
-1.227025762721385007e+02,4.224988523227855097e+01,3.045075491104448773e+01
6.301097254164476880e+01,-1.829971518683775571e+02,3.045075491104448773e+01
-8.020679385800838190e+01,-5.208690095741809500e+01,3.045075491104448773e+01
-1.436511791370027140e+02,-7.006336145102861224e+01,3.045075491104448773e+01
-2.261188825560714477e+01,9.794284845117157090e+01,3.045075491104448773e+01
-8.715500249241745223e+01,-4.064104510873222864e+01,3.045075491104448773e+01
8.207337766854288930e+01,-1.263819187337115437e+02,3.045075491104448773e+01
-6.387225305083892124e+01,-1.663929079600955561e+02,3.045075491104448773e+01
-1.387260375724716788e+01,9.870870474494998348e+01,3.045075491104448773e+01
-4.747863256025257073e+01,8.929432079452105597e+01,3.045075491104448773e+01
-4.900361176233114691e+01,8.840485580002587085e+01,3.045075491104448773e+01
-9.681130199614915455e+01,-5.073665347118004654e+00,3.045075491104448773e+01
-7.908405361128923339e+00,-1.509013636776622036e+02,3.045075491104448773e+01
-7.163542999204891260e+01,-6.227172924985084990e+01,3.045075491104448773e+01
-1.398387067908816732e+02,-7.751386091763546915e+01,3.045075491104448773e+01
-2.755250902682328373e+01,1.417453709640019497e+02,3.045075491104448773e+01
1.278217655267032171e+02,2.950997979362583479e+01,3.045075491104448773e+01
3.637645354484367033e+01,-9.003488194275121259e+01,3.045075491104448773e+01
1.396666730564027432e+02,-3.482281265690438943e+01,3.045075491104448773e+01
1.197797815431981263e+02,7.484671446473903700e+01,3.045075491104448773e+01
-1.217445218202617951e+02,5.167748352418183799e+01,3.045075491104448773e+01
8.886924842059784169e+01,1.368466420034130806e+02,3.045075491104448773e+01
-3.264600020553659476e+01,9.481086890952653334e+01,3.045075491104448773e+01
4.970347962196146163e+00,-9.483988885223583054e+01,3.045075491104448773e+01
1.184905885975436348e+02,-6.841057322322909329e+01,3.045075491104448773e+01
-8.685063244703325580e+00,9.927072713974908424e+01,3.045075491104448773e+01
-1.510726907538696935e+02,-7.917384232723902571e+00,3.045075491104448773e+01
-1.908110802524290861e+01,1.554031539871845951e+02,3.045075491104448773e+01
5.392502220794548329e+00,-1.544210594233561835e+02,3.045075491104448773e+01
2.282095151325273008e+01,1.623795074333965545e+02,3.045075491104448773e+01
9.480526126510464735e+01,-4.221002183339481917e+01,3.045075491104448773e+01
1.222945310270962409e+02,-5.444903326961803458e+01,3.045075491104448773e+01
-4.783225041006621581e+01,-7.960623295212531048e+01,3.045075491104448773e+01
6.947811887609735493e+01,-6.947811887609738335e+01,3.045075491104448773e+01
8.690828336374472940e+01,1.338270206171002883e+02,3.045075491104448773e+01
-1.329504481563270417e+02,-1.001853486711818135e+02,3.045075491104448773e+01
9.361023280351464848e+01,3.782098905915440668e+01,3.045075491104448773e+01
-7.562432719226239897e+01,-1.621768930226860448e+02,3.045075491104448773e+01
-9.119659470143844260e+01,-3.140150579369124273e+01,3.045075491104448773e+01
5.975842354446093907e+01,8.225041376245494007e+01,3.045075491104448773e+01
-9.332842445762670991e+01,3.213555364557942085e+01,3.045075491104448773e+01
-6.802421454114941923e+01,1.227189315470623825e+02,3.045075491104448773e+01
9.954297905922298639e+01,-1.934919504202118645e+01,3.045075491104448773e+01
-8.481370573626709586e+01,5.096121573071481237e+01,3.045075491104448773e+01
-5.550421965083969411e+01,8.228838964209279538e+01,3.045075491104448773e+01
1.134627205084841677e+02,-1.452256596806962534e+02,3.045075491104448773e+01
1.326778164080461409e+01,-9.440517177018621453e+01,3.045075491104448773e+01
9.780600883645361421e+01,2.258029634128288876e+01,3.045075491104448773e+01
5.862692917036424234e+01,-7.780056276303849927e+01,3.045075491104448773e+01
-1.629308107338187739e+01,-1.550183114143514445e+02,3.045075491104448773e+01
-9.000560329675482762e+01,-3.454991405728925002e+01,3.045075491104448773e+01
-1.561714121052091109e+01,9.860274897282047846e+01,3.045075491104448773e+01
4.295704886747783036e+01,1.722913125586476610e+02,3.045075491104448773e+01
6.980017975275382014e+01,1.567737705498095693e+02,3.045075491104448773e+01
-7.116775112612700127e+01,1.283900216668047847e+02,3.045075491104448773e+01
1.396740792697151505e+02,-1.468033728808087801e+01,3.045075491104448773e+01
-8.657314760882766791e+01,4.798827933232983156e+01,3.045075491104448773e+01
1.311366175236982485e+02,4.772982540097783044e+01,3.045075491104448773e+01
-6.347886535791344187e+01,1.301509615024247921e+02,3.045075491104448773e+01
-6.667631046640144632e+01,-6.667631046640143211e+01,3.045075491104448773e+01
-6.603000263306033446e+01,1.295911768461769782e+02,3.045075491104448773e+01
-5.624009671333698179e+01,-7.463312911086488555e+01,3.045075491104448773e+01
-1.649852865557644099e+00,-9.452000736419600457e+01,3.045075491104448773e+01
-1.222602976623745690e+02,4.693133118531010695e+01,3.045075491104448773e+01
-9.275316677910309693e+01,-2.659654258842494912e+01,3.045075491104448773e+01
8.608541242002348781e+01,-1.276268724122486589e+02,3.045075491104448773e+01
1.413624146615526058e+02,-9.885022985918975991e+00,3.045075491104448773e+01
-9.399210436757341824e+01,3.053988599940359450e+01,3.045075491104448773e+01
-1.055550917316710624e+01,-1.509508138551234424e+02,3.045075491104448773e+01
1.286423020330312852e+02,-1.242284270386396656e+02,3.045075491104448773e+01
7.203367227360593006e+01,1.299521847691561334e+02,3.045075491104448773e+01
-2.087932869028782079e+01,9.822951842202542139e+01,3.045075491104448773e+01
1.394860165937397198e+02,-2.209241467129847791e+01,3.045075491104448773e+01
1.018028242708319056e+02,0.000000000000000000e+00,3.045075491104448773e+01
1.398279484426987729e+01,-1.598240764087868513e+02,3.045075491104448773e+01
6.268921916265972527e+01,-7.471010215402553456e+01,3.045075491104448773e+01
7.726455868211944278e+01,6.716505616559001624e+01,3.045075491104448773e+01
-9.149316547558784407e+01,-1.522701980763215204e+02,3.045075491104448773e+01
1.013007750001855243e+02,-3.537501013116864712e+00,3.045075491104448773e+01
7.500783163686017474e+01,-6.520331327427496149e+01,3.045075491104448773e+01
-1.067339258009575786e+02,8.956039777368670229e+01,3.045075491104448773e+01
-1.488302585774350177e+02,-2.091672876944548420e+01,3.045075491104448773e+01
-9.700954306143178485e+01,8.487235271705243278e+00,3.045075491104448773e+01
1.225357369440521467e+02,7.074604070999765781e+01,3.045075491104448773e+01
-2.173389249827642900e+01,1.546446806317894982e+02,3.045075491104448773e+01
-1.018292064248007449e+02,-1.401558786990227929e+02,3.045075491104448773e+01
3.345481022462107745e+01,-1.721100782945986509e+02,3.045075491104448773e+01
9.847398975468749427e+01,8.866637863326467084e+01,3.045075491104448773e+01
1.914536255347697136e+01,9.849435181169748432e+01,3.045075491104448773e+01
-8.755659200168666700e+01,4.655466577143278784e+01,3.045075491104448773e+01
6.123935552073458410e+01,8.126736962316208235e+01,3.045075491104448773e+01
1.280769823997121080e+02,-4.410044166703534074e+01,3.045075491104448773e+01
1.175771219296917849e+02,-5.990853590148749674e+01,3.045075491104448773e+01
-2.671254719093372998e+01,1.374241419279145759e+02,3.045075491104448773e+01
-1.472520748649480424e+02,-5.652477562499610997e+01,3.045075491104448773e+01
8.734069313819786373e+01,1.397743270194368108e+02,3.045075491104448773e+01
7.446426433866653838e+01,1.343370889281092673e+02,3.045075491104448773e+01
-5.759365052736866630e+01,-7.371651105995806574e+01,3.045075491104448773e+01
4.345904707316792326e+01,1.743047173906986984e+02,3.045075491104448773e+01
2.677319491911970317e+01,-1.690392999732823966e+02,3.045075491104448773e+01
-9.712061628158434701e+01,1.020778810280715554e+01,3.045075491104448773e+01
9.513265476733023718e+01,3.275679996194451604e+01,3.045075491104448773e+01
7.430075972545280649e+01,1.523391330973561253e+02,3.045075491104448773e+01
1.228018245935717268e+01,1.000140601477418443e+02,3.045075491104448773e+01
1.187545965399197172e+02,-1.366115360718011686e+02,3.045075491104448773e+01
8.811729478281651495e+01,1.356887349421807016e+02,3.045075491104448773e+01
-1.318908152961826374e+02,2.563697744969773140e+01,3.045075491104448773e+01
8.422799942113465477e+01,1.347929757856914250e+02,3.045075491104448773e+01
-8.200207034172326814e+01,-4.927181474706939213e+01,3.045075491104448773e+01
9.126393926739883966e+01,1.303384129521690511e+02,3.045075491104448773e+01
-8.640267705216358252e+01,-4.214140133767190122e+01,3.045075491104448773e+01
-9.674355128191420761e+01,-6.764968117237768475e+00,3.045075491104448773e+01
1.405066426397924602e+02,-3.764864142654073476e+01,3.045075491104448773e+01
1.268162643997394810e+02,6.461611412148157285e+01,3.045075491104448773e+01
1.251107258411755225e+02,-1.295559491888784009e+02,3.045075491104448773e+01
-1.218117061519717623e+02,4.921512389912233232e+01,3.045075491104448773e+01
-1.382216886250467347e+01,1.579881130360275563e+02,3.045075491104448773e+01
1.164132820197642531e+02,-6.452893593287917895e+01,3.045075491104448773e+01
-6.903970741793666832e+01,1.245509291919245243e+02,3.045075491104448773e+01
-1.913725622194157339e+01,9.845264835124233116e+01,3.045075491104448773e+01
9.307292490674159069e+01,3.950711269387947766e+01,3.045075491104448773e+01
-5.036086709034904629e+01,8.722758051370800558e+01,3.045075491104448773e+01
1.755059964161286512e+00,1.005473180064816319e+02,3.045075491104448773e+01
6.916817740378336055e+01,-1.300864218030656332e+02,3.045075491104448773e+01
3.475067211643786891e+01,-9.052859592129208011e+01,3.045075491104448773e+01
4.052967244159225402e+01,-1.755532983733963306e+02,3.045075491104448773e+01
-1.393053534811967609e+02,1.710454665861266577e+01,3.045075491104448773e+01
8.191470156453067375e+01,1.214435392869426806e+02,3.045075491104448773e+01
-7.618169012433249065e+01,-5.740702113686680264e+01,3.045075491104448773e+01
7.560830029403307151e+01,1.309574175831901357e+02,3.045075491104448773e+01
3.275038540894660599e+01,9.511402555273824078e+01,3.045075491104448773e+01
1.436105326111704699e+02,-5.014990305901783074e+00,3.045075491104448773e+01
-2.991428786791529149e+01,1.538956697857755387e+02,3.045075491104448773e+01
1.052434764508890375e+01,1.001324791383150483e+02,3.045075491104448773e+01
7.380798542238393622e+01,-6.645700857579049625e+01,3.045075491104448773e+01
1.271668027020065779e+02,-1.271668027020066347e+02,3.045075491104448773e+01
-1.199647377724571982e+02,6.649754000243093799e+01,3.045075491104448773e+01
1.146195387220161592e+02,-1.415433424511769545e+02,3.045075491104448773e+01
-3.159425751013771322e+00,1.810033800508126092e+02,3.045075491104448773e+01
9.972708944933162911e+01,1.579521924762735630e+01,3.045075491104448773e+01
1.112771592139139045e+02,-1.531598701034234580e+02,3.045075491104448773e+01
-8.470411183309846592e+01,-4.503797516216713603e+01,3.045075491104448773e+01
9.692057425556606631e+01,2.596978960173958839e+01,3.045075491104448773e+01
5.737033298489308919e+01,-1.876499038669446406e+02,3.045075491104448773e+01
9.877274450022956387e+01,9.210707434568482199e+01,3.045075491104448773e+01
-1.444730385373290460e+02,-6.736888426687873732e+01,3.045075491104448773e+01
-6.708294061249520723e+01,-1.660361043984928813e+02,3.045075491104448773e+01
3.093156178917255517e+01,1.591290904227213616e+02,3.045075491104448773e+01
8.288640837013110385e+00,-9.473959828586372112e+01,3.045075491104448773e+01
-1.507657258778624794e+02,-1.319029186256996944e+01,3.045075491104448773e+01
-5.270770859072294456e+01,1.304561566065954992e+02,3.045075491104448773e+01
9.231561044604458743e+01,1.318403550497001220e+02,3.045075491104448773e+01
-1.463061802671252281e+02,1.280013217715370466e+01,3.045075491104448773e+01
-9.108307625640131278e+01,1.047790933578661594e+02,3.045075491104448773e+01
1.398229590387738419e+01,9.948920492386587000e+01,3.045075491104448773e+01
9.374149719347725807e+01,9.707216200395930628e+01,3.045075491104448773e+01
1.289093563953715318e+02,5.739414327188080733e+01,3.045075491104448773e+01
-1.142166186414670506e+02,-1.313911896647539095e+02,3.045075491104448773e+01
-1.023872938378015647e+02,-1.409240201243196111e+02,3.045075491104448773e+01
6.177718872356302171e+01,-1.387538376615435709e+02,3.045075491104448773e+01
9.551651671516597730e+01,-4.054435587765173210e+01,3.045075491104448773e+01
1.422207701580045978e+02,4.966458731626512524e+00,3.045075491104448773e+01
5.957474135523288084e+01,-1.551975072364787138e+02,3.045075491104448773e+01
-9.503382951656287503e+01,2.725051210486360986e+01,3.045075491104448773e+01
9.898096472030542259e+01,-2.103905353172993742e+01,3.045075491104448773e+01
7.578454360999280937e+01,1.367189357838768160e+02,3.045075491104448773e+01
1.297687381658392951e+02,5.242997351253471550e+01,3.045075491104448773e+01
-5.207352997907015890e+01,-7.720218303964752238e+01,3.045075491104448773e+01
1.289435810584533328e+02,3.455032841378957187e+01,3.045075491104448773e+01
7.124784474103121568e+01,-1.285345143729842050e+02,3.045075491104448773e+01
-9.459613094163995584e+01,2.892093957614023481e+01,3.045075491104448773e+01
-7.122724004989173352e+01,6.642047589047268730e+01,3.045075491104448773e+01
3.356236379589767438e+01,1.726633934516418378e+02,3.045075491104448773e+01
8.736157019505462529e+01,1.118177107464084372e+02,3.045075491104448773e+01
4.080671836991415802e+01,9.165339008117990716e+01,3.045075491104448773e+01
-5.052122787053071562e+01,-1.652474904693591213e+02,3.045075491104448773e+01
-9.654045346765911972e+01,-1.014681053391993792e+01,3.045075491104448773e+01
-1.112957456164869541e+02,8.695376634150927941e+01,3.045075491104448773e+01
1.160868190108106468e+01,-9.454512697456272008e+01,3.045075491104448773e+01
8.231761757753704956e+01,1.369995219702712745e+02,3.045075491104448773e+01
-6.343686727861775232e+00,1.816594198865199985e+02,3.045075491104448773e+01
3.700356959466293461e+01,-1.740881076732325994e+02,3.045075491104448773e+01
-8.378891167780967919e+01,5.235712293730081512e+01,3.045075491104448773e+01
2.552212319776077010e+01,1.611403439975850631e+02,3.045075491104448773e+01
1.329795721621082691e+02,-4.065593521720252568e+01,3.045075491104448773e+01
4.726576223716799063e+01,8.889396994420907561e+01,3.045075491104448773e+01
5.728626272441662337e+01,1.663713873456457009e+02,3.045075491104448773e+01
-8.616612000222366419e+01,-1.554477953704598292e+02,3.045075491104448773e+01
1.247701078517761459e+02,-4.541260538423028237e+01,3.045075491104448773e+01
7.227066720774385544e+01,-6.739348745645550309e+01,3.045075491104448773e+01
-7.611986079297808772e+01,6.164064787918028543e+01,3.045075491104448773e+01
-8.329059743072423316e+01,-1.566468309024702990e+02,3.045075491104448773e+01
1.194473058071652005e+01,1.708176055611679658e+02,3.045075491104448773e+01
9.257110881730062601e+01,9.927036054796317899e+01,3.045075491104448773e+01
2.657938901590171543e+00,-1.522732176890071401e+02,3.045075491104448773e+01
6.139243106762876323e+01,-7.581333855818888878e+01,3.045075491104448773e+01
-2.082621340786722541e+01,-9.020824092886998358e+01,3.045075491104448773e+01
-9.657440667605366968e+01,-8.449165770896986061e+00,3.045075491104448773e+01
5.256400228038489075e+01,-1.833124607787005687e+02,3.045075491104448773e+01
-7.236582299916346983e+01,6.515847969738845791e+01,3.045075491104448773e+01
6.620813412143894539e+01,-1.724780861935410883e+02,3.045075491104448773e+01
2.601556579842983297e+01,9.709141334739132390e+01,3.045075491104448773e+01
-8.292884123731199963e+01,-4.787898881194583112e+01,3.045075491104448773e+01
7.357006180678553164e+01,-1.274270849653350695e+02,3.045075491104448773e+01
7.597933156550867295e+01,6.841209742463054511e+01,3.045075491104448773e+01
6.348012644830309625e+01,-1.361335704832077909e+02,3.045075491104448773e+01
9.093710181823652761e+01,4.435298806648580694e+01,3.045075491104448773e+01
-1.046176348174621751e+02,9.094272248852098528e+01,3.045075491104448773e+01
6.262641765554161566e+01,1.631473957953982392e+02,3.045075491104448773e+01
-2.851944857132957267e+01,-8.777383735729728187e+01,3.045075491104448773e+01
-6.068777624898438461e+01,-1.667382948809992342e+02,3.045075491104448773e+01
1.466107197599205847e+02,0.000000000000000000e+00,3.045075491104448773e+01
3.440198760132027189e+01,1.769828834717329187e+02,3.045075491104448773e+01
4.424646503661109165e+01,-1.774628783452003802e+02,3.045075491104448773e+01
7.678119272436379106e+01,1.506915754660520008e+02,3.045075491104448773e+01
-6.922370198568475530e+01,-6.455214641994862745e+01,3.045075491104448773e+01
5.177678952678618174e+01,-8.286018408260700596e+01,3.045075491104448773e+01
-1.498184463110567037e+02,-4.580409568575709756e+01,3.045075491104448773e+01
7.479903337009996278e+01,6.975122704613259828e+01,3.045075491104448773e+01
8.695098728755966988e+01,1.391506672904911852e+02,3.045075491104448773e+01
-9.810481046727045396e+01,-1.454463628221153897e+02,3.045075491104448773e+01
1.458103895267402379e+02,0.000000000000000000e+00,3.045075491104448773e+01
1.378370544999963840e+02,9.638505788868643620e+00,3.045075491104448773e+01
-1.769555349816684497e+01,-9.103573081381180998e+01,3.045075491104448773e+01
-1.463535963730336675e+02,-6.516081930334193828e+01,3.045075491104448773e+01
2.318700139105672164e+01,-9.299798308511952882e+01,3.045075491104448773e+01
1.401073879509644087e+02,-1.720302410881203414e+01,3.045075491104448773e+01
-8.074374803782961862e+01,5.653738103939374327e+01,3.045075491104448773e+01
-1.746589639089653145e+00,1.000620534081283921e+02,3.045075491104448773e+01
1.011176535708836610e+02,-5.299351669961948730e+00,3.045075491104448773e+01
9.847483501349027790e+01,-2.455253394422526725e+01,3.045075491104448773e+01
2.024923245096870872e+01,-1.649167639812739594e+02,3.045075491104448773e+01
-8.565353106252545956e+01,4.945208921599103746e+01,3.045075491104448773e+01
-1.201771227400601987e+02,6.938429416440843056e+01,3.045075491104448773e+01
-1.180351378497547010e+01,1.687981112954327045e+02,3.045075491104448773e+01
-1.472185000243786703e+02,7.715394655658029954e+00,3.045075491104448773e+01
-1.411461134455719844e+02,-7.504871976137170009e+01,3.045075491104448773e+01
7.365940334524732691e+01,1.275818290491772586e+02,3.045075491104448773e+01
-6.041598864967425442e+01,7.732893912282258952e+01,3.045075491104448773e+01
-1.263200399502849791e+01,1.806460732863542376e+02,3.045075491104448773e+01
1.008312433578798135e+02,1.238051994099118858e+01,3.045075491104448773e+01
9.125817714154378280e+01,1.303301837836145580e+02,3.045075491104448773e+01
3.704050291299266462e+01,1.742618652746895691e+02,3.045075491104448773e+01
-1.492625882910377300e+02,-4.849835484646131079e+01,3.045075491104448773e+01
8.977109875371832004e+01,1.382353697339898133e+02,3.045075491104448773e+01
-5.290923405388110012e+01,8.467247416154054918e+01,3.045075491104448773e+01
-1.493655950039064351e+02,-3.724102549580732813e+01,3.045075491104448773e+01
-7.737397899770481047e+01,6.045117765653941433e+01,3.045075491104448773e+01
1.315350258080180197e+02,-4.273832062952875077e+01,3.045075491104448773e+01
-1.224869002565273135e+01,1.751644281387758895e+02,3.045075491104448773e+01
8.882048374187726836e+01,-5.128053019792567824e+01,3.045075491104448773e+01
6.260817269987072109e+01,8.013480675409869036e+01,3.045075491104448773e+01
8.272314485984841781e+01,6.010188279102794695e+01,3.045075491104448773e+01
-1.312124122636317622e+02,-1.101002867362946063e+02,3.045075491104448773e+01
1.021904267867405025e+02,3.568568338083087710e+00,3.045075491104448773e+01
5.605443191035448791e+01,-8.005402520183434945e+01,3.045075491104448773e+01
-3.695993225287192985e+01,-1.600910548684914261e+02,3.045075491104448773e+01
-1.297171593212163820e+01,-9.229855479078690905e+01,3.045075491104448773e+01
1.283098021635854877e+02,3.199122671865039891e+01,3.045075491104448773e+01
8.459081592375095227e+01,5.705722578721998417e+01,3.045075491104448773e+01
-2.780075912017132467e+01,9.695276890542740489e+01,3.045075491104448773e+01
-7.000389511547246002e+01,1.262903698433243136e+02,3.045075491104448773e+01
-1.497958464780873840e+02,-5.157884629850495628e+01,3.045075491104448773e+01
-4.251665031160333541e+01,1.308527947198587356e+02,3.045075491104448773e+01
8.797237370027889369e+01,1.407852272342591391e+02,3.045075491104448773e+01
-4.585584517577014907e+01,8.999716348078418093e+01,3.045075491104448773e+01
6.082046842129777531e+01,-1.871861543835156567e+02,3.045075491104448773e+01
-6.957468293315356789e+01,1.255160505692767430e+02,3.045075491104448773e+01
-1.049673997283663311e+02,-1.392964442484881715e+02,3.045075491104448773e+01
6.524795515178193739e+01,-1.337781331028921556e+02,3.045075491104448773e+01
-1.570653317223546530e+01,1.795264956537072862e+02,3.045075491104448773e+01
-9.526823556489465261e+01,-1.679836033458068911e+01,3.045075491104448773e+01
-1.606782340109801055e+01,-1.528751278241329032e+02,3.045075491104448773e+01
-6.951054119843596446e+00,9.940470510022571204e+01,3.045075491104448773e+01
9.689954428079310844e+01,9.357480219588289572e+01,3.045075491104448773e+01
4.739508348589272657e+01,-8.550299397362644527e+01,3.045075491104448773e+01
9.893662332691106087e+01,1.923133142732697820e+01,3.045075491104448773e+01
-8.889015939060705307e+01,1.059351668000279005e+02,3.045075491104448773e+01
-1.426551257898660197e+02,-7.268641709076574386e+01,3.045075491104448773e+01
9.618126973072666885e+01,-3.885975540533874550e+01,3.045075491104448773e+01
1.406455615827930501e+02,-2.733872773931131661e+01,3.045075491104448773e+01
-1.338741721770726940e+02,-9.373970452997090774e+01,3.045075491104448773e+01
7.572377981592650542e+01,1.260255330736747936e+02,3.045075491104448773e+01
-2.735245185838783755e+01,1.407161660547037343e+02,3.045075491104448773e+01
1.302362713373816803e+02,3.489670373009199267e+01,3.045075491104448773e+01
7.024170244025238041e+00,1.004503143901318083e+02,3.045075491104448773e+01
2.089290879737184170e+01,9.829340780270278799e+01,3.045075491104448773e+01
9.485558911791720504e+01,9.160097763888468592e+01,3.045075491104448773e+01
-2.943625599983238672e+01,9.628165501542129334e+01,3.045075491104448773e+01
8.987795583848325975e+01,1.071123767655361689e+02,3.045075491104448773e+01
-7.456730494742900817e+01,1.105505758422452374e+02,3.045075491104448773e+01
3.511896330965954771e+00,1.005675528368827685e+02,3.045075491104448773e+01
1.445857216177603561e+02,2.523753158531199858e+00,3.045075491104448773e+01
1.079506931365439613e+02,8.134668202444660778e+01,3.045075491104448773e+01
-4.744758141531442419e+01,1.303611585463111737e+02,3.045075491104448773e+01
1.005334233778207107e+02,-1.412905123700788224e+01,3.045075491104448773e+01
-7.722101372538237740e+01,-5.610435052717597415e+01,3.045075491104448773e+01
-9.534628221002499515e+01,2.554795931948614651e+01,3.045075491104448773e+01
9.107485571113438994e+01,-4.842535976881845272e+01,3.045075491104448773e+01
-9.701335677475455554e+01,1.693374441407671016e+00,3.045075491104448773e+01
7.748412290756502330e+01,1.289552359629862224e+02,3.045075491104448773e+01
5.466127234803756352e+01,-8.103866887244520001e+01,3.045075491104448773e+01
-1.322675596429646134e+02,-1.071081579085410880e+02,3.045075491104448773e+01
-4.427093627914535290e+01,9.076887072344391072e+01,3.045075491104448773e+01
-1.495918706847060093e+02,-4.289477866586770460e+01,3.045075491104448773e+01
-2.506753147694870520e+01,-1.582701648317490424e+02,3.045075491104448773e+01
-1.153497919468552482e+02,8.380652944596064913e+01,3.045075491104448773e+01
8.338900612637287679e+01,1.190918428835854002e+02,3.045075491104448773e+01
9.844173701773297580e+01,9.179840487463231113e+01,3.045075491104448773e+01
-9.396262778026344620e+01,1.043560703389977675e+02,3.045075491104448773e+01
-1.003647909822780804e+02,-1.433357761884292927e+02,3.045075491104448773e+01
-1.196353983441825193e+02,6.361126966017989304e+01,3.045075491104448773e+01
3.699622535013984503e+01,1.602482575437106789e+02,3.045075491104448773e+01
4.581880710765733511e+01,-8.617264313796985675e+01,3.045075491104448773e+01
-7.830032563483489305e+00,-1.494059216131900314e+02,3.045075491104448773e+01
8.555036040285945376e+01,1.423797095261712116e+02,3.045075491104448773e+01
9.003828104089230067e+01,1.035771939499289118e+02,3.045075491104448773e+01
-3.005137781968763377e+01,-8.727553835308277996e+01,3.045075491104448773e+01
1.340200973821738444e+02,-1.165018932551629547e+02,3.045075491104448773e+01
-4.498810486448931556e+01,-8.116068959469740207e+01,3.045075491104448773e+01
9.658410378006919927e+01,-3.707516379729677425e+01,3.045075491104448773e+01
-1.095782130177684195e+02,8.873468728783014114e+01,3.045075491104448773e+01
-3.295151257714780346e+00,-9.436078602143892624e+01,3.045075491104448773e+01
2.428854154668919563e+01,9.741601933885425524e+01,3.045075491104448773e+01
-1.520713022887353816e+02,-2.654414455168498499e+00,3.045075491104448773e+01
-9.697514357379466787e+01,-1.692707427503820083e+00,3.045075491104448773e+01
5.477150348264758151e+01,1.685693545748815154e+02,3.045075491104448773e+01
1.657474188680566130e+01,-9.400003232749727999e+01,3.045075491104448773e+01
1.326023105269206042e+02,4.308510245618855095e+01,3.045075491104448773e+01
-1.023657944288899273e+02,9.545764760940645033e+01,3.045075491104448773e+01
5.273350525704585401e+00,1.006215221832723614e+02,3.045075491104448773e+01
-3.460321138753813131e+01,-8.564595359128061602e+01,3.045075491104448773e+01
-9.595012978769599954e+01,1.028939169071324642e+02,3.045075491104448773e+01
9.111214477699628844e+01,1.350793096038566432e+02,3.045075491104448773e+01
3.112664205782013838e+01,9.579795382889987820e+01,3.045075491104448773e+01
-1.517086987398937481e+02,1.857895723146209824e-14,3.045075491104448773e+01
-7.304766576825929292e+01,-1.640677435633746200e+02,3.045075491104448773e+01
1.021532123054844874e+02,1.783090953418227320e+00,3.045075491104448773e+01
-1.494053131279996478e+02,-5.144437488215922372e+01,3.045075491104448773e+01
9.018122382544144955e+01,4.594962860561574303e+01,3.045075491104448773e+01
1.492511118765112599e+01,-9.423344336772585450e+01,3.045075491104448773e+01
-2.443298160410297015e+01,1.542637746109326713e+02,3.045075491104448773e+01
-9.499469921675405715e+00,1.812606840364511811e+02,3.045075491104448773e+01
2.008901009030185136e+01,1.636118575704954594e+02,3.045075491104448773e+01
9.714759312854928908e+01,8.747208574674682779e+01,3.045075491104448773e+01
3.409427600896270860e+01,1.753998445635092196e+02,3.045075491104448773e+01
-6.645406830447409163e+01,7.126326350356104911e+01,3.045075491104448773e+01
8.823809938294678545e+01,1.308183620809050183e+02,3.045075491104448773e+01
-9.675553902168191200e+01,1.706061206251322915e+01,3.045075491104448773e+01
-1.138299758451139532e+01,-9.270707571705905536e+01,3.045075491104448773e+01
-1.177437322869561172e+02,-1.307676626205916079e+02,3.045075491104448773e+01
1.404351528356541507e+02,7.359894493391121451e+00,3.045075491104448773e+01
4.891829395997471863e+01,8.825093841020002117e+01,3.045075491104448773e+01
1.293534197220452882e+02,-1.206240153343040902e+02,3.045075491104448773e+01
-1.026647127524472864e+02,-1.413058545028347339e+02,3.045075491104448773e+01
1.344865371725773002e+02,-9.416848711595906707e+01,3.045075491104448773e+01
-1.568821355325385980e+01,1.793171014505808500e+02,3.045075491104448773e+01
9.453488533195621812e+01,9.453488533195621812e+01,3.045075491104448773e+01
1.298392719010310259e+02,4.984062681799024830e+01,3.045075491104448773e+01
1.120895298191124141e+02,-1.487478301043198030e+02,3.045075491104448773e+01
-1.328209879359982324e+02,-1.037711287728175051e+02,3.045075491104448773e+01
-7.274300522480420739e+01,-6.103862885486015699e+01,3.045075491104448773e+01
9.762328214697963347e+01,-2.799302569827659681e+01,3.045075491104448773e+01
-6.999091560727850947e+01,6.758944154041806485e+01,3.045075491104448773e+01
-1.342225597729847664e+02,-9.053425971926986904e+01,3.045075491104448773e+01
-6.773939560714053698e+01,1.222051045885048666e+02,3.045075491104448773e+01
-9.695642472354360564e+01,-3.385792958514850071e+00,3.045075491104448773e+01
9.798509208039521923e+01,-2.625502629323108650e+01,3.045075491104448773e+01
6.763352984216203367e+01,1.593346112876688494e+02,3.045075491104448773e+01
-1.472949079193807620e+02,-5.654121769410355114e+01,3.045075491104448773e+01
-1.140037104719411332e+02,8.590795775287755021e+01,3.045075491104448773e+01
1.289808629726051663e+02,3.456031807257885191e+01,3.045075491104448773e+01
-6.766622311339146734e+01,7.007042525363294772e+01,3.045075491104448773e+01
1.133076546498411687e+02,7.933887392268124472e+01,3.045075491104448773e+01
1.570489496872014357e+01,9.915680439656924250e+01,3.045075491104448773e+01
-8.112118118842300873e+01,-5.069013991532899155e+01,3.045075491104448773e+01
1.238145167252446726e+02,-4.752793998611247162e+01,3.045075491104448773e+01
2.357401241618926235e+01,-1.677378141812624506e+02,3.045075491104448773e+01
8.124122265507105567e+01,1.465630453663868309e+02,3.045075491104448773e+01
-1.736160870295878311e+01,9.846257579640678159e+01,3.045075491104448773e+01
9.468617626253069375e+01,3.446294975604422461e+01,3.045075491104448773e+01
-2.437758565898292318e+01,9.777315576668551955e+01,3.045075491104448773e+01
-7.924563046482207085e+01,-5.345185267107013516e+01,3.045075491104448773e+01
9.941028506937409759e+01,8.341513353694006128e+01,3.045075491104448773e+01
-5.066694244864333996e+01,-7.802024950027576722e+01,3.045075491104448773e+01
-5.550217572538965527e+01,1.307549319910248471e+02,3.045075491104448773e+01
9.942790674638345649e+00,-9.459933417055530924e+01,3.045075491104448773e+01
1.315391145074346753e+02,4.529254935258096992e+01,3.045075491104448773e+01
-7.363378533357030165e+01,6.400887304567963554e+01,3.045075491104448773e+01
8.631752860369307712e+01,1.145472293486024853e+02,3.045075491104448773e+01
7.835316892153549873e+01,6.574611514363155607e+01,3.045075491104448773e+01
1.012148572390636616e+02,1.063811016763640360e+01,3.045075491104448773e+01
9.556384668417726402e+01,9.556384668417726402e+01,3.045075491104448773e+01
-1.600092258673777579e+01,-1.522386090940253496e+02,3.045075491104448773e+01
-9.367307618094164923e+01,-2.335532100437128022e+01,3.045075491104448773e+01
4.310520478458908400e+01,1.728855334861879953e+02,3.045075491104448773e+01
-1.331518422610792527e+02,-9.674047608493555117e+01,3.045075491104448773e+01
4.107650718382188160e+01,-8.808885392606657661e+01,3.045075491104448773e+01
3.614435486416883236e+01,1.565584010857125179e+02,3.045075491104448773e+01
-3.263029601398901036e+01,1.308729691085377738e+02,3.045075491104448773e+01
1.043660585546057575e+02,-1.490501784962910392e+02,3.045075491104448773e+01
1.742027936026514823e+01,9.879531362853332155e+01,3.045075491104448773e+01
1.195976182356385635e+02,-5.833165592837972468e+01,3.045075491104448773e+01
9.371643808071375759e+01,9.371643808071375759e+01,3.045075491104448773e+01
-5.161160287765008547e+01,8.589613172049598688e+01,3.045075491104448773e+01
1.008717993735515535e+02,-8.825138914647178368e+00,3.045075491104448773e+01
7.085767585278289005e+01,-6.842646217995076086e+01,3.045075491104448773e+01
-8.925915230506244313e+01,-3.606303842705981566e+01,3.045075491104448773e+01
-9.635729247363875061e+01,2.048137478002934841e+01,3.045075491104448773e+01
9.037592225357521158e+01,1.077058300297132689e+02,3.045075491104448773e+01
-6.883172701654790160e+01,6.883172701654790160e+01,3.045075491104448773e+01
-2.698364253870125040e+01,-8.825951785395091065e+01,3.045075491104448773e+01
9.116233296299323996e+00,1.739480936039060737e+02,3.045075491104448773e+01
8.946151586491684782e+01,4.756753175610929674e+01,3.045075491104448773e+01
9.418414242172750050e+01,3.615390494635459362e+01,3.045075491104448773e+01
-2.609604189960666432e+01,9.739175424577827300e+01,3.045075491104448773e+01
-7.850300510220377248e+01,5.915625744000595176e+01,3.045075491104448773e+01
9.216458145714284456e+01,-4.696019979441663139e+01,3.045075491104448773e+01
6.033845667225437381e+01,-1.421484959014845799e+02,3.045075491104448773e+01
3.344582307000932531e+01,1.720638433922488275e+02,3.045075491104448773e+01
7.972931747460160068e+01,-6.008035009491752021e+01,3.045075491104448773e+01
-9.598639709081906801e+01,2.216020586901743172e+01,3.045075491104448773e+01
-2.645960540772443892e+01,1.361228692612984901e+02,3.045075491104448773e+01
-1.367415049248869536e+02,-8.216258529592775517e+01,3.045075491104448773e+01
5.517284517035403013e+01,8.495873123179480046e+01,3.045075491104448773e+01
9.964303781110587011e+01,8.361043627668270517e+01,3.045075491104448773e+01
9.229713316624177821e+01,4.109333125735272318e+01,3.045075491104448773e+01
6.851881637300560612e+01,-1.784976192590794710e+02,3.045075491104448773e+01
-2.543814490611482171e+01,-8.871335397010297186e+01,3.045075491104448773e+01
1.288987997309372986e+02,2.505538853918045561e+01,3.045075491104448773e+01
-4.483933530090611441e+01,1.302228853286450772e+02,3.045075491104448773e+01
8.480340390298697173e+01,1.167218719264858322e+02,3.045075491104448773e+01
1.165217834401248211e+02,-6.195573124913067886e+01,3.045075491104448773e+01
-3.009009751576799019e+01,1.303345314444066219e+02,3.045075491104448773e+01
-1.493957128810218364e+02,-1.834348700687264611e+01,3.045075491104448773e+01
7.916376487648648208e+01,1.488853876996624876e+02,3.045075491104448773e+01
1.231803972042112463e+02,-5.228697646388370401e+01,3.045075491104448773e+01
2.651094184110612773e+01,-9.245464149649973251e+01,3.045075491104448773e+01
-5.256082800948994382e+00,-1.505145183639527886e+02,3.045075491104448773e+01
-5.677252695954614126e+01,8.107957121498876063e+01,3.045075491104448773e+01
-5.394119510315091759e+01,-1.660139281445258916e+02,3.045075491104448773e+01
-9.700185430353366201e+01,3.387379394405813038e+00,3.045075491104448773e+01
9.297596586514882233e+01,9.627943110731885668e+01,3.045075491104448773e+01
8.502318762764284088e+01,1.360655429296526790e+02,3.045075491104448773e+01
3.316672938576045482e+01,-9.112484006453885854e+01,3.045075491104448773e+01
1.358750941852925109e+02,-3.896155629717602409e+01,3.045075491104448773e+01
8.715044011599945861e+01,5.236526739662376428e+01,3.045075491104448773e+01
8.790082731915444469e+01,5.074956631470461588e+01,3.045075491104448773e+01
6.983784364151256341e+01,1.313458808193117022e+02,3.045075491104448773e+01
2.258605228174124591e+01,9.783094055368285069e+01,3.045075491104448773e+01
1.317422814019670056e+02,-1.186212829793551720e+02,3.045075491104448773e+01
-1.295693422792119236e+02,-1.166647598052135208e+02,3.045075491104448773e+01
7.449811885368231401e+01,1.343981640899292813e+02,3.045075491104448773e+01
8.927065517422008156e+01,1.323491889948586220e+02,3.045075491104448773e+01
-2.633667393712121108e+00,-1.508827039339497276e+02,3.045075491104448773e+01
8.460656300900636495e+01,-5.494414445239234368e+01,3.045075491104448773e+01
1.324680260588424972e+02,-8.935081178599371299e+01,3.045075491104448773e+01
1.121984682995454250e+02,8.151695879668106670e+01,3.045075491104448773e+01
3.094806220933828733e+00,1.773013296519337416e+02,3.045075491104448773e+01
1.703830702292433585e+01,-1.621086626990430943e+02,3.045075491104448773e+01
5.427355341951519918e+00,-1.554191222285073763e+02,3.045075491104448773e+01
7.170794925725530788e+01,1.293645648926685965e+02,3.045075491104448773e+01
8.057045422382347510e+01,6.294853780619072836e+01,3.045075491104448773e+01
-8.822644561020109677e+01,4.495361935683349941e+01,3.045075491104448773e+01
-1.221229678527602545e+02,5.694687514635882053e+01,3.045075491104448773e+01
-8.866872401372246770e+01,-3.763764032926498970e+01,3.045075491104448773e+01
6.812036271953283517e+01,-7.054070058248525754e+01,3.045075491104448773e+01
1.401749496024744701e+02,-1.970030442149748140e+01,3.045075491104448773e+01
-1.307979271859473158e+02,-1.137009034365964339e+02,3.045075491104448773e+01
-6.033872463189202051e+01,-7.190889185261004002e+01,3.045075491104448773e+01
-7.480641870981281727e+01,6.277003834909713476e+01,3.045075491104448773e+01
-3.486160151557689435e+00,9.983056508481348601e+01,3.045075491104448773e+01
2.484116656700810211e+01,-9.270849574735576937e+01,3.045075491104448773e+01
4.820421552685346001e+01,-1.799005814852180265e+02,3.045075491104448773e+01
-5.345248846670290277e+01,-7.633806485912755591e+01,3.045075491104448773e+01
1.003778936229029881e+02,8.422705351733013401e+01,3.045075491104448773e+01
1.231355025829216601e+02,-4.974997237489309043e+01,3.045075491104448773e+01
-8.553880396300114342e+01,-4.358419753846396816e+01,3.045075491104448773e+01
-6.288825164082198427e+01,7.494729982491830356e+01,3.045075491104448773e+01
1.287077470755141064e+02,2.269464843561416600e+01,3.045075491104448773e+01
8.736136372488627444e+01,1.398074068730498141e+02,3.045075491104448773e+01
-1.497207533928676639e+02,-2.639980839516103828e+01,3.045075491104448773e+01
2.946391733490074927e+01,9.637213116566036319e+01,3.045075491104448773e+01
-1.245277037867728751e+02,3.336709766496789342e+01,3.045075491104448773e+01
1.000451730134272879e+02,-1.764066329191363636e+01,3.045075491104448773e+01
3.414679477199346280e+01,1.756700301767728547e+02,3.045075491104448773e+01
8.365860533180234881e+01,5.857838608943902159e+01,3.045075491104448773e+01
-1.337542535399031181e+02,2.358448368360561886e+01,3.045075491104448773e+01
4.009113781818238209e+01,1.736537962320581698e+02,3.045075491104448773e+01
-4.018453833588372248e+01,-1.611713801805026094e+02,3.045075491104448773e+01
-1.503426311350132778e+02,-1.580164727327525576e+01,3.045075491104448773e+01
4.423418039050135064e+01,-8.681446713680792016e+01,3.045075491104448773e+01
3.151975607271051771e+01,-9.154001844805456756e+01,3.045075491104448773e+01
-1.168688263212112588e+02,8.183243317183342924e+01,3.045075491104448773e+01
-1.517942330407067288e+02,-5.300771422191146165e+00,3.045075491104448773e+01
1.368593042369267607e+02,-1.031308830019866605e+02,3.045075491104448773e+01
-1.197897146253507970e+02,8.079918274492293051e+01,3.045075491104448773e+01
9.278639033125027424e+01,1.325126984043708944e+02,3.045075491104448773e+01
2.810079162380779039e+01,1.593675086529666487e+02,3.045075491104448773e+01
2.819644859211907928e+01,-9.222642770948615976e+01,3.045075491104448773e+01
1.654470993382189725e+00,-9.478457973007215287e+01,3.045075491104448773e+01
9.853704634505895399e+01,-2.274906964853957803e+01,3.045075491104448773e+01
6.545308603500622269e+01,7.800395042859658190e+01,3.045075491104448773e+01
-9.218874947362364480e+01,3.538794535781423178e+01,3.045075491104448773e+01
1.003922425304817523e+02,-1.590056914611548500e+01,3.045075491104448773e+01
5.047300540801496282e+01,8.742180977738060221e+01,3.045075491104448773e+01
-3.477843009879229186e+01,1.297948681361754950e+02,3.045075491104448773e+01
-1.456112962265002864e+01,-9.193535421038615141e+01,3.045075491104448773e+01
1.823340222246780584e+01,-9.380272262839856978e+01,3.045075491104448773e+01
1.214147372667472524e+02,-5.661662180036130820e+01,3.045075491104448773e+01
6.484079550678876558e+01,1.604866005239073274e+02,3.045075491104448773e+01
7.339196350506587407e+01,1.380302081077094840e+02,3.045075491104448773e+01
4.896809150693875523e+01,-8.481522243969992303e+01,3.045075491104448773e+01
1.231044345459106779e+02,6.823790234277323918e+01,3.045075491104448773e+01
-1.385951852882327273e+02,-8.001796753454723898e+01,3.045075491104448773e+01
3.684744894551269567e+01,1.596038361364054481e+02,3.045075491104448773e+01
7.009835455924124403e+01,1.318358305967956881e+02,3.045075491104448773e+01
6.404158911531139609e+01,7.908477629848412960e+01,3.045075491104448773e+01
8.050426048607209850e+01,1.239656901603051580e+02,3.045075491104448773e+01
-1.486875295876255052e+02,-5.707579506695372373e+01,3.045075491104448773e+01
1.293529209682161252e+02,5.490705735415906474e+01,3.045075491104448773e+01
1.048603027369984773e+02,-1.554617919843035452e+02,3.045075491104448773e+01
6.629718417115666895e+00,-9.480939045914774965e+01,3.045075491104448773e+01
-1.507862738975290142e+02,2.631984201165358250e+00,3.045075491104448773e+01
-7.867471971764413929e+00,-1.501203080801059855e+02,3.045075491104448773e+01
3.352183235217059121e+01,1.577078218089106088e+02,3.045075491104448773e+01
9.096778435370130467e+01,-1.299154599024850256e+02,3.045075491104448773e+01
9.302562754687411939e+01,-4.537163012640066739e+01,3.045075491104448773e+01
-5.484321596846822899e+01,-7.548521091949561423e+01,3.045075491104448773e+01
1.356148960286793113e+02,-9.852998939586088056e+01,3.045075491104448773e+01
-9.686086716136334474e+01,1.189301904308257640e+01,3.045075491104448773e+01
7.507890115540887166e+01,1.354459230976604545e+02,3.045075491104448773e+01
9.597060804298266135e+01,2.934115939698308395e+01,3.045075491104448773e+01
-7.278514235792003717e+01,1.120792906032178138e+02,3.045075491104448773e+01
-1.303765023536620049e+02,-1.133345644189043924e+02,3.045075491104448773e+01
-3.749129018575668226e+01,9.279419945638174738e+01,3.045075491104448773e+01
-1.048740409087293131e+02,-1.391725529103362646e+02,3.045075491104448773e+01
7.879364295186856282e+01,-1.260961874848073307e+02,3.045075491104448773e+01
7.625493190752430905e+01,-6.398548523905229501e+01,3.045075491104448773e+01
-1.222889810457903934e+02,4.450954907941152783e+01,3.045075491104448773e+01
-6.518804536997426169e+01,7.239865900514662655e+01,3.045075491104448773e+01
7.617574855020566815e+01,1.374246881781189416e+02,3.045075491104448773e+01
8.200515272106909492e+01,1.364794931206960769e+02,3.045075491104448773e+01
7.198673864822568191e+01,1.543760592160328713e+02,3.045075491104448773e+01
1.007820999314790811e+02,-1.059262554176708626e+01,3.045075491104448773e+01
-6.941207863191614535e+01,1.202252468494448294e+02,3.045075491104448773e+01
1.142507079288061078e+02,7.999920693754587830e+01,3.045075491104448773e+01
3.587837897602491211e+01,1.687945020098854627e+02,3.045075491104448773e+01
-1.496781240580913845e+02,5.226875268189854928e+00,3.045075491104448773e+01
-1.215589430338069477e+01,1.738373874845129592e+02,3.045075491104448773e+01
1.231679303607300966e+02,-1.320814345973460320e+02,3.045075491104448773e+01
1.247555604429660718e+02,6.633370813973874647e+01,3.045075491104448773e+01
3.955903181375541777e+01,-8.885104019374158213e+01,3.045075491104448773e+01
-1.354356485061977935e+02,-8.462958590748726806e+01,3.045075491104448773e+01
-3.589301042914613049e+01,9.350448896790916820e+01,3.045075491104448773e+01
2.775230669322948174e+01,9.678379521187123657e+01,3.045075491104448773e+01
5.674158541267743772e+01,8.412285982436745257e+01,3.045075491104448773e+01
5.207630542245206584e+01,8.666952663120599709e+01,3.045075491104448773e+01
1.089255649434866626e+02,-1.614887910584129145e+02,3.045075491104448773e+01
7.860750029627537572e+01,1.361521843691344884e+02,3.045075491104448773e+01
-8.865017393707368853e+01,-1.535466053588297370e+02,3.045075491104448773e+01
-4.353571634315092354e+01,-8.187877391437478991e+01,3.045075491104448773e+01
8.769030093765373124e+01,-5.268964850411172307e+01,3.045075491104448773e+01
-6.159072305228795585e+01,-7.085202197725081419e+01,3.045075491104448773e+01
1.282146631887825095e+02,6.253446956916496191e+01,3.045075491104448773e+01
-1.191663672083038392e+02,8.037872960317302784e+01,3.045075491104448773e+01
-1.213213488607034840e+01,9.880830942307311204e+01,3.045075491104448773e+01
-7.841783857167378358e+01,1.079328952524788434e+02,3.045075491104448773e+01
-1.265617566393000430e+02,3.155539001920134723e+01,3.045075491104448773e+01
-6.859186992239980896e+01,1.237430089633749049e+02,3.045075491104448773e+01
1.300852961581884131e+02,2.060348682646622009e+01,3.045075491104448773e+01
9.164395472499732875e+01,4.273427791187622660e+01,3.045075491104448773e+01
8.112066257377081513e+01,1.249148661387745989e+02,3.045075491104448773e+01
-9.087805229975813859e+01,3.857544454742668449e+01,3.045075491104448773e+01
8.560070097622023866e+01,5.558974519698698202e+01,3.045075491104448773e+01
2.150802386455358928e+01,-9.316148647284177287e+01,3.045075491104448773e+01
-1.346163998160191682e+02,-8.742091220943481744e+01,3.045075491104448773e+01
-3.157464109832496391e+01,-8.675061344503178873e+01,3.045075491104448773e+01
-5.796197421374131409e+01,1.301847255721508816e+02,3.045075491104448773e+01
1.367665301074757167e+02,-1.068537241601689658e+02,3.045075491104448773e+01
-9.757296941411873092e+01,1.010397676348799934e+02,3.045075491104448773e+01
8.314787282646756239e+01,1.440163402767174148e+02,3.045075491104448773e+01
-7.009397036409856696e+01,-1.651310459122415750e+02,3.045075491104448773e+01
-9.648330796415301336e+01,1.875445522870177228e+01,3.045075491104448773e+01
7.865976788005339415e+01,1.309118377692271622e+02,3.045075491104448773e+01
-4.091908396147199767e+01,9.190576733194029657e+01,3.045075491104448773e+01
4.399282644107282181e+01,9.019866105406283907e+01,3.045075491104448773e+01
-1.335359787073438476e+01,-1.526323220925363842e+02,3.045075491104448773e+01
5.041242068569214041e+01,-8.390035740282027632e+01,3.045075491104448773e+01
-5.746671658539675320e+01,-1.668954634116228704e+02,3.045075491104448773e+01
-1.057972305018201524e+02,-1.354142798900071512e+02,3.045075491104448773e+01
-1.478286570644619076e+02,-6.274954203795012120e+01,3.045075491104448773e+01
-8.788221482004594520e+01,-3.912768296633141318e+01,3.045075491104448773e+01
9.558065365561203919e+01,3.105603695152408861e+01,3.045075491104448773e+01
6.718654934112784360e+01,-1.318610275655377393e+02,3.045075491104448773e+01
5.208159703459746481e+01,1.703512280354489690e+02,3.045075491104448773e+01
-4.062889768870477525e+01,-8.330158501028351736e+01,3.045075491104448773e+01
-9.265461801031975142e+01,3.372352302306158833e+01,3.045075491104448773e+01
1.108607704226848867e+01,-1.585382878776779307e+02,3.045075491104448773e+01
-2.827388199681347913e+01,-1.603491529385447620e+02,3.045075491104448773e+01
1.282490287153959798e+02,5.980350424092946326e+01,3.045075491104448773e+01
-1.933010984492917217e+01,-1.574311110679058459e+02,3.045075491104448773e+01
-7.665549607941102295e+01,1.094753939316387914e+02,3.045075491104448773e+01
7.235015641320320867e+01,7.235015641320320867e+01,3.045075491104448773e+01
8.863388633486955825e+01,1.094537342075813626e+02,3.045075491104448773e+01
7.143846873918531060e+01,1.288784091689550166e+02,3.045075491104448773e+01
3.309360263926178103e+00,-9.476767872220563049e+01,3.045075491104448773e+01
-8.202764070177968847e+01,1.088543558230362720e+02,3.045075491104448773e+01
-9.414063653645581553e+01,-2.173407846858064829e+01,3.045075491104448773e+01
-2.390493478408249217e+01,-8.921443116581644972e+01,3.045075491104448773e+01
-1.209555178093749817e+02,5.899394780249059522e+01,3.045075491104448773e+01
9.142530010991204392e+01,1.015380824740830974e+02,3.045075491104448773e+01
-4.729788964326223066e+01,-1.649473435051062324e+02,3.045075491104448773e+01
-9.460260131618477430e+01,-2.010840366080816111e+01,3.045075491104448773e+01
-1.035144067508413741e+02,9.320479048154922452e+01,3.045075491104448773e+01
4.946646492656007865e+01,1.725100642706353540e+02,3.045075491104448773e+01
1.477523933545303336e+01,1.688817583900450074e+02,3.045075491104448773e+01
9.644949469706138245e+01,8.994060885536414673e+01,3.045075491104448773e+01
6.543878621716179111e+01,-7.267713492801206598e+01,3.045075491104448773e+01
-6.541945887760377332e+01,-6.774383277953431559e+01,3.045075491104448773e+01
-5.793059615531696949e+01,7.973462519029517637e+01,3.045075491104448773e+01
8.152728288564206593e+01,6.143521421235179503e+01,3.045075491104448773e+01
1.010265392163294536e+02,-7.064463809083983747e+00,3.045075491104448773e+01
-1.039968030075610983e+01,9.894634858879268791e+01,3.045075491104448773e+01
8.091968738084896984e+01,-5.879159423508554028e+01,3.045075491104448773e+01
-8.113676060162954684e+01,-1.592398587394145011e+02,3.045075491104448773e+01
-8.285024539803069388e+01,5.380357845975827047e+01,3.045075491104448773e+01
-4.211690523142759446e+01,-8.265908066656459141e+01,3.045075491104448773e+01
5.323508198033342609e+01,-8.197483758731257808e+01,3.045075491104448773e+01
2.818463974072427547e+01,1.779508118535682399e+02,3.045075491104448773e+01
-2.236387610111378876e+01,-8.969660786630510074e+01,3.045075491104448773e+01
-9.366214682184099161e+01,-1.498907676231045798e+02,3.045075491104448773e+01
-1.157693465753072992e+01,1.655578788131084877e+02,3.045075491104448773e+01
1.138134679127340263e+02,7.969304818228528120e+01,3.045075491104448773e+01
1.397284298311726047e+02,-2.970019461246507575e+01,3.045075491104448773e+01
8.220108552678730973e+00,-1.568490148816262604e+02,3.045075491104448773e+01
-1.264635164102947726e+02,-1.221243982200518730e+02,3.045075491104448773e+01
1.211354391150692180e+02,-1.345345346705257441e+02,3.045075491104448773e+01
-8.441743896362849853e+01,1.080493946126662763e+02,3.045075491104448773e+01
2.854391015908303331e+01,1.802191560016588028e+02,3.045075491104448773e+01
-1.504603855181494509e+02,-1.052121508307571141e+01,3.045075491104448773e+01
1.442413770371250337e+02,-7.559370251243654693e+00,3.045075491104448773e+01
-9.237096215307930436e+01,-2.824063720605306571e+01,3.045075491104448773e+01
1.747526633217862013e+01,1.662660528189529430e+02,3.045075491104448773e+01
1.404241456853265788e+02,-2.476056562725925758e+01,3.045075491104448773e+01
5.822241001471959265e+01,8.315021881024391348e+01,3.045075491104448773e+01
-9.320943639104145007e+01,-2.497539320793966056e+01,3.045075491104448773e+01
1.318595709734220520e+02,-8.563060662590632433e+01,3.045075491104448773e+01
-8.682152982932151986e+01,1.072156603122523251e+02,3.045075491104448773e+01
-1.281065576696447295e+02,-1.194612976601080447e+02,3.045075491104448773e+01
8.867474409235973098e+01,4.915321328565294579e+01,3.045075491104448773e+01
-2.799365909684418341e+01,1.316998114614885651e+02,3.045075491104448773e+01
-5.917688597574184683e+01,7.853038009372966144e+01,3.045075491104448773e+01
1.344662653839545214e+02,1.413297399221204387e+01,3.045075491104448773e+01
1.309793380177185327e+02,1.840794549377683254e+01,3.045075491104448773e+01
-1.166883094339138793e+01,1.668720569274331638e+02,3.045075491104448773e+01
-6.404839189521226217e+01,7.367924656956238039e+01,3.045075491104448773e+01
9.250204650362816494e+01,9.578867324217193868e+01,3.045075491104448773e+01
-1.083336040501983035e+02,-1.337808595987838771e+02,3.045075491104448773e+01
-3.408103700780270628e+01,-1.603386728691577616e+02,3.045075491104448773e+01
7.739373803022590437e+01,1.288048102661159930e+02,3.045075491104448773e+01
8.463108074926232405e+01,1.354380407531058665e+02,3.045075491104448773e+01
4.268938731306332102e+01,-8.752621480264021159e+01,3.045075491104448773e+01
6.668365548202206128e+01,-7.150946560898631787e+01,3.045075491104448773e+01
-3.736506900145493404e+01,1.303074813307862030e+02,3.045075491104448773e+01
-1.478793755620978061e+02,1.034073328525459701e+01,3.045075491104448773e+01
7.362312939930718869e+01,7.109702962707962115e+01,3.045075491104448773e+01
5.419443005392426294e+00,-1.551925425547414932e+02,3.045075491104448773e+01
-1.499349121876939250e+02,-2.914439458158060603e+01,3.045075491104448773e+01
9.037519084535688307e+01,1.339867304692160701e+02,3.045075491104448773e+01
9.713890285634506938e+01,-3.344760657810194715e+01,3.045075491104448773e+01
-1.612563217952573069e+01,-9.145300460958658562e+01,3.045075491104448773e+01
-9.154893842181043340e+01,3.698817206977926730e+01,3.045075491104448773e+01
7.219548398169212078e+01,-1.786900932791129719e+02,3.045075491104448773e+01
-1.199644648210430091e+02,7.790583436866100442e+01,3.045075491104448773e+01
-7.044871698185399111e+01,-6.343230968605525533e+01,3.045075491104448773e+01
-1.229310875315920129e+02,3.994273161834571084e+01,3.045075491104448773e+01
6.120452947029198398e+00,1.752668407972948330e+02,3.045075491104448773e+01
6.405173487418558409e+01,-7.368309222695931737e+01,3.045075491104448773e+01
1.367416676711305286e+02,-1.107312191525395093e+02,3.045075491104448773e+01
1.046270974283952881e+02,8.174364736392318775e+01,3.045075491104448773e+01
-4.263421201202957889e+01,9.142936271026921702e+01,3.045075491104448773e+01
1.397368471915240207e+02,-1.222539000611272542e+01,3.045075491104448773e+01
1.393513163189020361e+02,-3.217178632951112860e+01,3.045075491104448773e+01
-8.379358479246549507e+01,-4.644754250413870267e+01,3.045075491104448773e+01
1.229308184195376015e+02,-7.386428765312804501e+01,3.045075491104448773e+01
-1.017120897303165634e+02,9.822222331473653867e+01,3.045075491104448773e+01
7.617175538596377748e+01,1.267710896234820837e+02,3.045075491104448773e+01
6.826131956163098380e+01,7.581187578390216686e+01,3.045075491104448773e+01
-9.703344396438404829e+01,1.188316965612269761e-14,3.045075491104448773e+01
6.958392308775950141e+01,7.461962184007738585e+01,3.045075491104448773e+01
-1.363378791499352189e+02,2.159379868419676995e+01,3.045075491104448773e+01
-1.651004682034008297e+01,1.570826026049941504e+02,3.045075491104448773e+01
-9.572000777974405139e+01,2.386567837185730312e+01,3.045075491104448773e+01
1.182604594303266197e+02,7.679924032908024856e+01,3.045075491104448773e+01
-6.046864393383476965e+01,1.296754253899370610e+02,3.045075491104448773e+01
8.119009014563272331e+01,1.351230011995655218e+02,3.045075491104448773e+01
7.750857206996224136e+01,-6.276520409799996969e+01,3.045075491104448773e+01
-5.894893575870854363e+01,-7.279587314919652385e+01,3.045075491104448773e+01
-1.487980007176733466e+02,-3.435272526878948440e+01,3.045075491104448773e+01
7.097509367871552399e+01,7.349686102843536162e+01,3.045075491104448773e+01
-1.243535539998500923e+02,-1.243535539998500496e+02,3.045075491104448773e+01
5.744425719727248492e+01,-7.906523704122197671e+01,3.045075491104448773e+01
-1.220919603911715399e+02,5.435884301170321464e+01,3.045075491104448773e+01
-1.182387507853635640e+02,7.975304442553689910e+01,3.045075491104448773e+01
-8.183729414309641470e+01,5.519995189485738507e+01,3.045075491104448773e+01
-1.204791962176671518e+02,-1.291981202327503127e+02,3.045075491104448773e+01
9.389897978062134598e+01,-4.378581336464507245e+01,3.045075491104448773e+01
-4.923384381761287898e+00,-9.394377035461252490e+01,3.045075491104448773e+01
-7.150805253498316461e+01,1.290039416595674595e+02,3.045075491104448773e+01
-6.827641604553093657e+01,1.136310383530048114e+02,3.045075491104448773e+01
8.203371515163820504e+01,-5.744062573652520598e+01,3.045075491104448773e+01
-6.555719734863645343e+00,-9.375116000082461198e+01,3.045075491104448773e+01
-9.600701188895328642e+01,-1.349290558815592256e+01,3.045075491104448773e+01
7.529560571163715110e+01,1.253129316970321838e+02,3.045075491104448773e+01
7.125935611837365968e+01,-1.763730955114967855e+02,3.045075491104448773e+01
-2.924184836392214848e+01,1.504362684350105610e+02,3.045075491104448773e+01
1.359712741989805522e+02,1.189594505758576126e+01,3.045075491104448773e+01
8.629174523968427479e+01,5.392106692304631110e+01,3.045075491104448773e+01
-9.791063073658923699e+00,-9.315574247707189670e+01,3.045075491104448773e+01
-7.510095106562872047e+01,-5.867529360456004639e+01,3.045075491104448773e+01
-9.065780483253649891e+01,-3.299674246295795399e+01,3.045075491104448773e+01
-8.972126211226643022e+01,4.183771162228176621e+01,3.045075491104448773e+01
8.037940732903170726e+01,1.237734331581570331e+02,3.045075491104448773e+01
-6.164556290752165779e+01,7.612593034750116772e+01,3.045075491104448773e+01
-9.706053123351399847e+01,1.364096807621558050e+01,3.045075491104448773e+01
-1.298330931521653611e+02,2.759687587140795983e+01,3.045075491104448773e+01
5.946725373386735924e+01,-1.471866179254662654e+02,3.045075491104448773e+01
-9.712047362953441620e+01,6.791325095357137798e+00,3.045075491104448773e+01
-1.207035545875309310e+02,7.252601252829079215e+01,3.045075491104448773e+01
-8.896420098170628421e+01,4.339074003450114247e+01,3.045075491104448773e+01
1.321556889360844878e+02,3.789503400419856405e+01,3.045075491104448773e+01
-3.915784449805406098e+01,-8.397426851831414751e+01,3.045075491104448773e+01
7.608286974503654676e+01,1.372571303781412837e+02,3.045075491104448773e+01
7.456711935348910458e+01,1.291540392942956430e+02,3.045075491104448773e+01
-9.705776640518107001e+01,5.086581999467698623e+00,3.045075491104448773e+01
-1.245022515329352757e+02,3.570044614365166780e+01,3.045075491104448773e+01
-9.970994432554925879e+01,9.970994432554927300e+01,3.045075491104448773e+01
