-3.146858433890896421e-14,-1.713069943149791925e+02,2.459879870235701560e+01
1.319168849450068405e-14,2.154366222764841439e+02,2.459879870235701560e+01
-2.010735770913162806e-14,-1.094593571693822440e+02,2.459879870235701560e+01
8.063467644719710309e-15,1.316864201226641171e+02,2.459879870235701560e+01
2.363602073556099867e+02,-3.321826083218785897e+01,2.459879870235701560e+01
-9.600818943821919049e+01,-7.234735999420638564e+01,2.459879870235701560e+01
2.432547225612165107e+02,-2.556710158956094503e+01,2.459879870235701560e+01
-4.037118208421188115e+01,2.076917269208008747e+02,2.459879870235701560e+01
2.387032268931555166e+02,3.354755075371841144e+01,2.459879870235701560e+01
7.821037824878844447e+01,-1.470923282372436915e+02,2.459879870235701560e+01
2.435788774498297755e+02,1.276542804740162218e+01,2.459879870235701560e+01
2.147515673671856291e+02,5.354357939910317299e+01,2.459879870235701560e+01
1.373138946048629094e+01,1.306454437899374170e+02,2.459879870235701560e+01
-7.170754302317958206e+01,1.147560570926910088e+02,2.459879870235701560e+01
1.172209587377341222e+02,3.361256903226887260e+01,2.459879870235701560e+01
8.257291779025500489e+01,-7.434898912781865477e+01,2.459879870235701560e+01
2.329078502929247918e+02,2.447960149241052008e+01,2.459879870235701560e+01
1.188221824468873109e+02,-8.308856406681012885e+00,2.459879870235701560e+01
5.895646725014666600e+01,-9.435007025068763653e+01,2.459879870235701560e+01
4.657974790329381420e+01,-9.989059173420413629e+01,2.459879870235701560e+01
-2.002254693763288174e+02,9.765648647573144103e+01,2.459879870235701560e+01
-1.570277113843044070e+01,-1.794834954105510576e+02,2.459879870235701560e+01
-7.093679096684293484e+01,1.948972313899736264e+02,2.459879870235701560e+01
-1.153284857254497631e+01,2.200598600116018417e+02,2.459879870235701560e+01
-2.057096114362005608e+02,3.590674623977276436e+00,2.459879870235701560e+01
-1.255760869597202287e+02,1.764856807997916022e+01,2.459879870235701560e+01
-1.241721846764725257e+01,-1.775744971425025369e+02,2.459879870235701560e+01
7.940855048695476626e+01,-1.432568172553481816e+02,2.459879870235701560e+01
-1.193200690170186533e+02,-1.909520264554961386e+02,2.459879870235701560e+01
1.762553805809880316e+02,1.427287929591934130e+02,2.459879870235701560e+01
-2.195292184582001198e+02,-3.870892426802347330e+01,2.459879870235701560e+01
2.350451969125739708e+02,-3.303344816688121455e+01,2.459879870235701560e+01
-3.933199860263887615e+01,1.286491706196559903e+02,2.459879870235701560e+01
1.234791578838523520e+02,-1.580461148836847656e+02,2.459879870235701560e+01
7.813031947576278924e+01,-1.533393858016057720e+02,2.459879870235701560e+01
-2.379174731490453212e+02,4.624647197997629888e+01,2.459879870235701560e+01
-1.712614641852436392e+01,-1.081302328905046579e+02,2.459879870235701560e+01
4.277907214081837850e+01,-1.715774868967490079e+02,2.459879870235701560e+01
-5.087681521033134402e+01,-1.774285402211345968e+02,2.459879870235701560e+01
1.421064065514278809e+02,-1.421064065514279378e+02,2.459879870235701560e+01
-1.442346033738393487e+02,1.846118736610332860e+02,2.459879870235701560e+01
-9.620712432565832728e+01,9.290614001775679753e+01,2.459879870235701560e+01
-1.156207856674343404e+01,1.321551627465132697e+02,2.459879870235701560e+01
1.184929307177882265e+02,2.735624857598243764e+01,2.459879870235701560e+01
5.025627151890402189e+01,-9.863348645052037966e+01,2.459879870235701560e+01
-2.045968151891400169e+02,-8.266247905876132052e+01,2.459879870235701560e+01
-1.206536753519221605e+02,-1.857903674298841281e+02,2.459879870235701560e+01
1.140737297452296239e+01,-1.085339039448611516e+02,2.459879870235701560e+01
-1.033887076683022315e+02,8.372252468245733326e+01,2.459879870235701560e+01
8.121673232798990227e+01,-1.406715068168002176e+02,2.459879870235701560e+01
2.043001371414322307e+02,6.246082015034784973e+01,2.459879870235701560e+01
2.388160897816605086e+02,2.510058248564055816e+01,2.459879870235701560e+01
-8.104205550018977533e+01,-8.392150516234427471e+01,2.459879870235701560e+01
-7.570768364440269238e+01,1.122412567877018290e+02,2.459879870235701560e+01
-1.882509898800704491e+02,-1.131126063118901186e+02,2.459879870235701560e+01
9.947120149044114612e+01,-5.288977601116690153e+01,2.459879870235701560e+01
1.253743669265147389e+02,1.494153522038986353e+02,2.459879870235701560e+01
-1.901376746910700888e+01,-1.078324337699852151e+02,2.459879870235701560e+01
-2.323065188292498817e+02,-5.792052038714857076e+01,2.459879870235701560e+01
-8.964184811296762234e+01,-7.792446971793926025e+01,2.459879870235701560e+01
-2.298939697134869391e+02,-5.307520493842771003e+01,2.459879870235701560e+01
8.131429141366658087e+01,-1.595882825761693482e+02,2.459879870235701560e+01
1.199877531674785303e+02,1.473264358639495164e+01,2.459879870235701560e+01
-1.221244183511272325e+02,-1.680898414665494727e+02,2.459879870235701560e+01
-2.304539492245791621e+02,-6.174994958728894545e+01,2.459879870235701560e+01
-6.301983209731375979e+01,-1.731455656651912989e+02,2.459879870235701560e+01
-8.283126506188889948e+01,-1.698292609592635927e+02,2.459879870235701560e+01
3.817165020574309509e+00,-1.093093043518507130e+02,2.459879870235701560e+01
8.680368662465473051e+01,-1.632539907246177222e+02,2.459879870235701560e+01
1.929550159044513578e+02,7.406849098540553200e+01,2.459879870235701560e+01
-1.321579645578705993e+02,-1.467762893723240438e+02,2.459879870235701560e+01
1.516715033348862818e+01,-1.079198822577545229e+02,2.459879870235701560e+01
1.898998940126138564e+02,8.060772260922769306e+01,2.459879870235701560e+01
-1.060782051872297700e+02,-1.913701479512434673e+02,2.459879870235701560e+01
3.592669720693923807e+01,1.556156221945693403e+02,2.459879870235701560e+01
-1.947565898208029296e+02,9.923343897044674122e+01,2.459879870235701560e+01
1.720418716167760635e+02,-8.765971196740068194e+01,2.459879870235701560e+01
8.511844377919977944e+01,-7.142285478151063671e+01,2.459879870235701560e+01
-1.031904023023657544e+02,2.025225676259259160e+02,2.459879870235701560e+01
-1.967731376483337442e+02,-1.090731312812329747e+02,2.459879870235701560e+01
3.311676187215770284e+01,1.558021150321810921e+02,2.459879870235701560e+01
2.401508994722134389e+02,3.375100786635497485e+01,2.459879870235701560e+01
9.032584731337050243e+01,8.722665682545958532e+01,2.459879870235701560e+01
-3.799572210038772102e+00,2.176773461264214973e+02,2.459879870235701560e+01
3.988809755014715819e+01,-1.727743322095554106e+02,2.459879870235701560e+01
1.625551388267770108e+02,-1.270019934801648702e+02,2.459879870235701560e+01
-4.169561573467782267e+01,-1.672319806006829310e+02,2.459879870235701560e+01
1.143982106640627805e+01,1.307577531232548722e+02,2.459879870235701560e+01
9.167484955784240697e+01,8.548818023208859529e+01,2.459879870235701560e+01
1.592228559576684006e+02,-1.336038397090728154e+02,2.459879870235701560e+01
1.840490319715403587e+02,1.386908934596528695e+02,2.459879870235701560e+01
9.145478941070091139e+01,-6.403733295075437582e+01,2.459879870235701560e+01
7.158626333024282928e+01,-1.686466678270348893e+02,2.459879870235701560e+01
5.872850224499124749e+00,-1.681764265213832061e+02,2.459879870235701560e+01
-1.992461385826580056e+02,9.717883493267210326e+01,2.459879870235701560e+01
-1.222046025820167046e+02,-1.881785859329327195e+02,2.459879870235701560e+01
-2.004958025771900907e+02,9.778833678756279824e+01,2.459879870235701560e+01
5.376690461711905300e+01,-9.699806358240631710e+01,2.459879870235701560e+01
2.136780470185107959e+02,-4.153480483540204204e+01,2.459879870235701560e+01
7.509242398587811351e+01,1.473771801985313346e+02,2.459879870235701560e+01
1.803852931186191597e+02,9.591256168419025130e+01,2.459879870235701560e+01
-1.248895407968159503e+02,-8.733127433010317020e+00,2.459879870235701560e+01
6.387643679571474564e+01,-9.122500588758867934e+01,2.459879870235701560e+01
1.920750902518421981e+02,-8.956608552524647848e+01,2.459879870235701560e+01
-4.381649631094520458e+01,1.272523452078896327e+02,2.459879870235701560e+01
-2.000765897482704361e+02,-1.063826098238197346e+02,2.459879870235701560e+01
1.829598620944034053e+02,1.188155236944749618e+02,2.459879870235701560e+01
-1.250115401403340627e+02,1.925008907346008016e+02,2.459879870235701560e+01
1.200610486597840065e+02,6.292132938652430951e+00,2.459879870235701560e+01
6.570693666439454717e+01,-1.711724221789423837e+02,2.459879870235701560e+01
-6.961691613270687640e+01,-1.640071765725912485e+02,2.459879870235701560e+01
6.231761698809252437e+01,-9.238966659727240938e+01,2.459879870235701560e+01
1.974170499467730906e+02,6.797614163085901851e+01,2.459879870235701560e+01
2.107163497939930608e+02,-4.864770251752067765e+01,2.459879870235701560e+01
1.825690218010665831e+02,1.426385525785648554e+02,2.459879870235701560e+01
-1.085418671632772316e+02,-5.530484365533339286e+01,2.459879870235701560e+01
1.194008963625771287e+02,-4.169571178985598259e+00,2.459879870235701560e+01
1.054654237152081464e+02,1.755239407866246779e+02,2.459879870235701560e+01
-2.653052635660506908e+01,-1.064081292677417849e+02,2.459879870235701560e+01
1.657045738120864087e+02,-8.810668476533201954e+01,2.459879870235701560e+01
-1.770204489066133533e+02,1.063646165105643746e+02,2.459879870235701560e+01
-2.152047689095282124e+02,1.127840402966843847e+01,2.459879870235701560e+01
1.796876445357396790e+02,1.122813019871612710e+02,2.459879870235701560e+01
2.334266602203671539e+02,2.453413061308259202e+01,2.459879870235701560e+01
1.380371562225884077e+02,-1.480267271538926650e+02,2.459879870235701560e+01
-1.261720879252846288e+02,6.612398935668782229e+00,2.459879870235701560e+01
5.720636967249651406e+01,-9.520738730569487984e+01,2.459879870235701560e+01
1.813079863204476112e+02,-8.842981349573580019e+01,2.459879870235701560e+01
-1.405365218351971350e+02,-1.221665346101573562e+02,2.459879870235701560e+01
1.013772061575618721e+02,7.365485164383564154e+01,2.459879870235701560e+01
1.146733034420305302e+02,4.401895697009847197e+01,2.459879870235701560e+01
6.237182248466566392e+01,-1.713651738868508687e+02,2.459879870235701560e+01
-5.603991767630915888e+01,-9.706398466734457031e+01,2.459879870235701560e+01
-1.651776072782012079e+02,-1.244702549507773028e+02,2.459879870235701560e+01
-5.349883350693307449e+01,-1.749867996619988730e+02,2.459879870235701560e+01
1.168548356064434159e+02,3.572610852169768236e+01,2.459879870235701560e+01
4.388824361711821354e+01,1.530564947051466334e+02,2.459879870235701560e+01
-1.597863726987638699e+02,-1.204076682983880744e+02,2.459879870235701560e+01
9.734637866233175885e+01,1.557867710504344814e+02,2.459879870235701560e+01
-1.207121506209700925e+02,-2.565815968778725065e+01,2.459879870235701560e+01
-5.051583190153596092e+01,1.250310714288791729e+02,2.459879870235701560e+01
2.967543083331623066e+01,1.285384127134974506e+02,2.459879870235701560e+01
1.868950532285717259e+02,8.321103883962588554e+01,2.459879870235701560e+01
-1.584570926880334696e+02,1.822840333284050018e+02,2.459879870235701560e+01
5.557515563185105378e+01,1.526914851811871188e+02,2.459879870235701560e+01
-2.111226491587571559e+02,9.844810811269944395e+01,2.459879870235701560e+01
1.740575082766626451e+02,1.460515909985839755e+02,2.459879870235701560e+01
2.346236702122186557e+02,4.987080062671039116e+01,2.459879870235701560e+01
1.055112554880167579e+02,-4.262931433795242953e+01,2.459879870235701560e+01
2.405351146864064731e+02,-2.953399843850015216e+01,2.459879870235701560e+01
1.199011204541081810e+02,2.092881842492495537e+00,2.459879870235701560e+01
-4.280224467378771891e+01,-1.716704268501638921e+02,2.459879870235701560e+01
1.175080785369987666e+02,-1.442817782570939045e+01,2.459879870235701560e+01
1.153298129353583619e+02,4.197661903195967881e+01,2.459879870235701560e+01
-1.246366766614781625e+02,-1.919236515972970096e+02,2.459879870235701560e+01
-2.188559124860288136e+02,-3.859020225885753064e+01,2.459879870235701560e+01
2.081867310779250246e+01,-1.071027883438668482e+02,2.459879870235701560e+01
2.323459691081937422e+02,4.938666031152683900e+01,2.459879870235701560e+01
-4.950959312130574830e+01,-1.726604701599283942e+02,2.459879870235701560e+01
-4.132535504313034380e+01,-1.022838429800126505e+02,2.459879870235701560e+01
-1.231516206399691526e+02,3.531315896723032921e+01,2.459879870235701560e+01
-1.105428628750216120e+02,-5.154698351300043413e+01,2.459879870235701560e+01
2.968384493326304163e+00,-1.700586337280089424e+02,2.459879870235701560e+01
-8.457203662268103983e+01,1.044377675477271055e+02,2.459879870235701560e+01
-3.468395214431410523e+01,1.294422716098677029e+02,2.459879870235701560e+01
1.005170155416131337e+02,-5.121597752567893735e+01,2.459879870235701560e+01
-6.848176844764175542e+01,-9.087837619385096843e+01,2.459879870235701560e+01
-7.755382733419156693e+01,1.107583439225477804e+02,2.459879870235701560e+01
1.898635627483433836e+02,1.280645901118041081e+02,2.459879870235701560e+01
-1.244919777235833749e+02,-1.089163675073538329e+01,2.459879870235701560e+01
-2.454564043790751171e+01,-1.746513067884160932e+02,2.459879870235701560e+01
-6.564508363804732483e+01,1.184268657818241621e+02,2.459879870235701560e+01
2.427740165152935674e+02,-2.123997424374367071e+01,2.459879870235701560e+01
1.179902085225542550e+02,-1.240127063560075982e+01,2.459879870235701560e+01
2.305532062876606858e+02,-8.850108405593417160e+01,2.459879870235701560e+01
7.806352437014518841e+01,1.468161362611403717e+02,2.459879870235701560e+01
8.762740020899325089e+01,1.517751092971479352e+02,2.459879870235701560e+01
8.427520309967211176e+01,-1.402574913897070985e+02,2.459879870235701560e+01
-2.128112813759431390e+02,-3.370599569547613328e+01,2.459879870235701560e+01
-4.641064394174838270e+01,2.010265845436751988e+02,2.459879870235701560e+01
1.119470136686590394e+02,-1.432856433942042713e+02,2.459879870235701560e+01
1.110080287118660607e+02,-3.183104001530882954e+01,2.459879870235701560e+01
2.286488351220340860e+02,-9.238012589596057467e+01,2.459879870235701560e+01
-1.145467156023148334e+02,-4.397036445115880809e+01,2.459879870235701560e+01
9.496207671701304776e+01,-5.933889133412380090e+01,2.459879870235701560e+01
1.328460856054297423e+01,-1.081944542770986999e+02,2.459879870235701560e+01
1.821156920894744644e+02,9.279257987187845913e+01,2.459879870235701560e+01
-1.586634183030691077e+02,-1.152757210358838478e+02,2.459879870235701560e+01
-3.293905862157571107e+01,2.079690312639437764e+02,2.459879870235701560e+01
2.172266860258385179e+02,-6.228874988158646175e+01,2.459879870235701560e+01
1.185512709919622125e+02,1.757594871402598358e+02,2.459879870235701560e+01
-1.062611654836165656e+02,8.007353161882247150e+01,2.459879870235701560e+01
-1.087212665987018880e+02,-1.961383569576542811e+02,2.459879870235701560e+01
-4.651769795603064495e+01,2.014902864237840845e+02,2.459879870235701560e+01
-1.622840313876385494e+02,-1.267901811347269501e+02,2.459879870235701560e+01
-3.805647299084577639e+01,-1.648406946201948529e+02,2.459879870235701560e+01
8.964763965350229569e+01,-1.380452593911032295e+02,2.459879870235701560e+01
-5.729947545723095281e+00,-1.093339123334541796e+02,2.459879870235701560e+01
1.158419922887110403e+02,3.988759672349167573e+01,2.459879870235701560e+01
3.002722877104294597e+01,-1.047173913246503787e+02,2.459879870235701560e+01
8.277135166097539809e+01,-1.624479243246915985e+02,2.459879870235701560e+01
-2.544082114029655983e+01,2.071988607787150443e+02,2.459879870235701560e+01
-1.020025286633753296e+02,8.559028418058821330e+01,2.459879870235701560e+01
-1.037005408166457414e+02,-6.230957114858254897e+01,2.459879870235701560e+01
5.549558845990348743e+01,-9.612117880848587959e+01,2.459879870235701560e+01
1.790108806234860879e+02,1.162510251418649716e+02,2.459879870235701560e+01
-1.763613049688219121e+02,1.145303705929748617e+02,2.459879870235701560e+01
-9.124421312997067446e+01,9.784743913140388827e+01,2.459879870235701560e+01
-7.717139847559710830e+00,2.209899712944007035e+02,2.459879870235701560e+01
-1.458392723325307259e+02,-1.267761452914378566e+02,2.459879870235701560e+01
1.191439187196683207e+02,2.315923175260833133e+01,2.459879870235701560e+01
6.105943359609698007e+01,1.511274013707449626e+02,2.459879870235701560e+01
-2.102220947177651169e+02,-2.954478866451992047e+01,2.459879870235701560e+01
-2.983990718716650647e+01,-1.692305231296572572e+02,2.459879870235701560e+01
-1.669114156578514780e+02,-1.212682418850089618e+02,2.459879870235701560e+01
-1.530251922897762427e+02,-1.284033824111835997e+02,2.459879870235701560e+01
7.440045890804253759e+01,-8.263008077230723813e+01,2.459879870235701560e+01
-1.217211410898576389e+02,-2.146272129676368579e+01,2.459879870235701560e+01
-9.293351357083452058e+01,9.623547046966641005e+01,2.459879870235701560e+01
-6.666133949336847309e+01,-9.175146247306335567e+01,2.459879870235701560e+01
-1.252248134014473067e+02,-6.562754381503037138e+00,2.459879870235701560e+01
1.050891552442303123e+02,6.824569537831514765e+01,2.459879870235701560e+01
6.369416259589901586e+01,1.500540436407115124e+02,2.459879870235701560e+01
1.183801222840381229e+02,-1.035691868666596704e+01,2.459879870235701560e+01
-1.191930489176278627e+02,5.059444753277251294e+01,2.459879870235701560e+01
5.169930051606882415e+01,1.217959194322139354e+02,2.459879870235701560e+01
-2.316193723480883548e+01,1.313578735468978778e+02,2.459879870235701560e+01
-1.213930284324280819e+02,-1.869288713344435564e+02,2.459879870235701560e+01
1.662923846072213863e+01,1.582166353114858168e+02,2.459879870235701560e+01
-2.158533561579036331e+01,-1.757984510190954950e+02,2.459879870235701560e+01
1.486894547884264171e+02,1.435877374213673363e+02,2.459879870235701560e+01
8.072801350778667029e+01,-1.584376473989439091e+02,2.459879870235701560e+01
4.842575943100230518e+01,-9.928752059277886133e+01,2.459879870235701560e+01
-8.622182072695345312e+01,1.027551646113606836e+02,2.459879870235701560e+01
4.532013896099131500e+01,1.245160584418692622e+02,2.459879870235701560e+01
-6.112997670633208536e+00,-1.750533496141267165e+02,2.459879870235701560e+01
-1.012652127105179858e+02,-6.576239806097143514e+01,2.459879870235701560e+01
-3.395839159431774590e+01,-1.045131827587821789e+02,2.459879870235701560e+01
8.381635913077695932e+01,-7.286044940442643281e+01,2.459879870235701560e+01
-5.959389366633579499e+01,-9.537016575423791664e+01,2.459879870235701560e+01
-5.267457462688395253e+01,1.240935212535043632e+02,2.459879870235701560e+01
2.233836602555290369e+02,4.342138493678481126e+01,2.459879870235701560e+01
-4.318856885969374559e+01,-1.017458921246515473e+02,2.459879870235701560e+01
1.416896724253387845e+02,1.416896724253387845e+02,2.459879870235701560e+01
1.311469140318785946e+02,-1.562948059551353595e+02,2.459879870235701560e+01
3.194978379195934082e+01,1.281435836633831116e+02,2.459879870235701560e+01
1.006395373925937946e+02,-1.385184397517488151e+02,2.459879870235701560e+01
1.498127034831369713e+02,-1.397026060930933511e+02,2.459879870235701560e+01
-1.115534379549406481e+02,-4.966679052232558433e+01,2.459879870235701560e+01
-1.484185771442901682e+02,1.832816788924621676e+02,2.459879870235701560e+01
9.602484813513599704e+01,1.536718801165812636e+02,2.459879870235701560e+01
7.849069134497770506e+01,1.004635035920539252e+02,2.459879870235701560e+01
-9.531967224999586819e+00,-1.089508839299520844e+02,2.459879870235701560e+01
1.131689838292660824e+02,1.742649531891859453e+02,2.459879870235701560e+01
-2.075056606457642374e+02,-7.965396018817277479e+01,2.459879870235701560e+01
-2.103341534537727853e+02,9.808042652704290276e+01,2.459879870235701560e+01
-1.261858808058736798e+02,2.202582742490840850e+00,2.459879870235701560e+01
-6.395538609113778250e+01,-1.666094769342928714e+02,2.459879870235701560e+01
-2.777619633035350688e+01,1.306767295825660540e+02,2.459879870235701560e+01
1.177787118359624259e+02,3.155871072202404548e+01,2.459879870235701560e+01
-7.709447087871274107e+01,1.908155113429873779e+02,2.459879870235701560e+01
-1.110092177617147655e+02,7.209022892937356630e+01,2.459879870235701560e+01
-1.574748740843257622e+02,1.876712469333160698e+02,2.459879870235701560e+01
1.368914491227439783e+02,-1.520333565688233648e+02,2.459879870235701560e+01
-3.524896686887796449e+01,-1.658333508593313752e+02,2.459879870235701560e+01
-1.808730820700538970e+02,-1.174603529013295145e+02,2.459879870235701560e+01
5.905520722202230388e+01,-1.715087751975972026e+02,2.459879870235701560e+01
-1.048350225319103970e+02,8.190609625868947319e+01,2.459879870235701560e+01
2.363815227505336338e+02,0.000000000000000000e+00,2.459879870235701560e+01
1.517372398668403548e+02,1.465309492596161647e+02,2.459879870235701560e+01
-1.447456222095999578e+02,1.852659479437581354e+02,2.459879870235701560e+01
-1.476396279657750199e+02,-1.329353181190122939e+02,2.459879870235701560e+01
-4.637521324329480166e+01,-1.730746520358173655e+02,2.459879870235701560e+01
9.519022916579359617e+00,-1.088029298076862688e+02,2.459879870235701560e+01
5.785599316624693245e+01,1.186223650471415851e+02,2.459879870235701560e+01
-2.277215146990672068e+01,-1.071345494629269552e+02,2.459879870235701560e+01
-2.346892970709803592e+02,8.081000552507987322e+01,2.459879870235701560e+01
3.689787476974049696e+01,-1.735908526174864335e+02,2.459879870235701560e+01
1.460450645416072213e+01,-1.669302726270732080e+02,2.459879870235701560e+01
-1.448432989771293933e+02,-1.259103588623691365e+02,2.459879870235701560e+01
-2.045589316160259727e+02,-1.430415394247924965e+01,2.459879870235701560e+01
2.430331990258397212e+01,-1.729271065882635128e+02,2.459879870235701560e+01
8.201701718870434377e+01,-1.609674595647477418e+02,2.459879870235701560e+01
1.571888802338317248e+02,1.465810021911341607e+02,2.459879870235701560e+01
5.831481687073678444e+01,1.519152917395779525e+02,2.459879870235701560e+01
-8.498399657300524268e+01,1.908771814963195936e+02,2.459879870235701560e+01
2.342005819926330616e+02,2.461547306911205624e+01,2.459879870235701560e+01
-1.197866563988198578e+02,4.839695069022795337e+01,2.459879870235701560e+01
-4.331399848313458989e+01,2.037763414256590977e+02,2.459879870235701560e+01
1.219244632370623371e+01,1.743601057281972828e+02,2.459879870235701560e+01
9.064377687780498150e+01,1.508565780604891415e+02,2.459879870235701560e+01
-1.239437354419734447e+02,-1.302701152959994246e+01,2.459879870235701560e+01
1.842669679333278339e+02,-8.987300525730466916e+01,2.459879870235701560e+01
-8.111112614730866710e+01,1.076380999295857777e+02,2.459879870235701560e+01
-1.185248349510397929e+02,5.277065644166272307e+01,2.459879870235701560e+01
-6.275425190888678628e+01,-1.724158900944336779e+02,2.459879870235701560e+01
-1.386510480627270852e+02,-1.435773633077871239e+02,2.459879870235701560e+01
-1.600884803844444093e+02,1.657764743267591427e+02,2.459879870235701560e+01
-7.389285029742124777e+01,-8.806206980897786707e+01,2.459879870235701560e+01
-1.055912874206446759e+02,-1.904917250474338459e+02,2.459879870235701560e+01
1.852393378635465808e+02,8.637852183733296840e+01,2.459879870235701560e+01
4.092582233521648760e+01,1.259567296464550452e+02,2.459879870235701560e+01
6.766528900949394298e+00,1.937680354537548055e+02,2.459879870235701560e+01
-2.241167222943176967e+02,1.567176789327075248e+01,2.459879870235701560e+01
-7.378553765233324668e+01,1.922178972706460911e+02,2.459879870235701560e+01
9.063273051437546712e+01,1.508381938244788216e+02,2.459879870235701560e+01
-5.267337893071918842e+01,1.965797263757719691e+02,2.459879870235701560e+01
1.092111061942563737e+02,6.053670468264586901e+01,2.459879870235701560e+01
-1.770393565233696620e+02,1.334087241357777032e+02,2.459879870235701560e+01
1.576359945185436118e+02,-1.370308794374413992e+02,2.459879870235701560e+01
2.291960687645450321e+02,-7.891853533306979784e+01,2.459879870235701560e+01
7.535961179505973462e+01,1.037236072084464240e+02,2.459879870235701560e+01
-1.120516035596924240e+02,7.001761289674588795e+01,2.459879870235701560e+01
-1.261588778003596190e+02,4.405565091003949441e+00,2.459879870235701560e+01
-1.150274473878070580e+02,-1.992333831406375566e+02,2.459879870235701560e+01
4.106621533434402949e+01,-1.016424496935976265e+02,2.459879870235701560e+01
8.710920541031201481e+01,-1.638285879904638591e+02,2.459879870235701560e+01
5.981421149288181738e+01,1.173919998544367616e+02,2.459879870235701560e+01
8.315620188801135271e+01,1.500177593529641911e+02,2.459879870235701560e+01
-2.109795984344366389e+02,9.838140246444416448e+01,2.459879870235701560e+01
-4.981018786995031888e+01,-1.737087686280941625e+02,2.459879870235701560e+01
-1.684111709131818770e+02,1.463975973749308821e+02,2.459879870235701560e+01
-7.378420386452870616e+01,1.136177104139403156e+02,2.459879870235701560e+01
-1.073870352231768095e+02,-5.709869946632655768e+01,2.459879870235701560e+01
-9.143351202059831451e+01,-1.794483712468576471e+02,2.459879870235701560e+01
-1.260362819398269920e+02,1.543499292540425004e-14,2.459879870235701560e+01
2.436432700669911071e+02,-2.131602407524685105e+01,2.459879870235701560e+01
-1.525730208760186102e+01,2.181895851326282809e+02,2.459879870235701560e+01
-1.236386976941727411e+01,-1.768115752138855896e+02,2.459879870235701560e+01
-1.219249552112912909e+02,1.951207157764130784e+02,2.459879870235701560e+01
-2.259330908921419621e+02,-7.341011126163634515e+01,2.459879870235701560e+01
1.643471062321845011e+02,-1.238444275239368011e+02,2.459879870235701560e+01
-1.393649808050303704e+02,-1.211481295298258374e+02,2.459879870235701560e+01
2.330762172839990853e+02,-3.275672612636929415e+01,2.459879870235701560e+01
-1.388020896384744418e+01,1.320613667828117173e+02,2.459879870235701560e+01
2.360827094413039902e+02,-1.237257052894233489e+01,2.459879870235701560e+01
8.115327072958594101e+01,-7.567664924475276678e+01,2.459879870235701560e+01
-6.139653535356402614e+01,-9.454237369055665852e+01,2.459879870235701560e+01
-2.250666870279354157e+02,-4.374853220109219620e+01,2.459879870235701560e+01
-1.025249654180666994e+02,-6.406470869531352719e+01,2.459879870235701560e+01
-1.195351311820401889e+02,-2.980345552721566804e+01,2.459879870235701560e+01
-1.578786422088244308e+02,-1.278476036432133753e+02,2.459879870235701560e+01
8.151070051029611818e+01,9.714067016801610066e+01,2.459879870235701560e+01
2.294457316139684178e+00,1.314493716050571095e+02,2.459879870235701560e+01
8.513602916286912148e+01,-1.601175832011052478e+02,2.459879870235701560e+01
-4.664432027896243937e+01,2.020387479607089745e+02,2.459879870235701560e+01
-9.121980827639747247e+01,-7.654250748078730737e+01,2.459879870235701560e+01
1.196425687035403200e+02,1.894952128310011474e+01,2.459879870235701560e+01
3.643812454080509156e+01,1.270748418300775739e+02,2.459879870235701560e+01
-1.095137653821302166e+02,-5.341343227342080269e+01,2.459879870235701560e+01
-1.177887656998228181e+02,-3.601163960558131549e+01,2.459879870235701560e+01
-1.125707817033987084e+02,-4.778346187412167012e+01,2.459879870235701560e+01
2.200497766163049107e+01,1.565735517953064573e+02,2.459879870235701560e+01
-8.457941913418331126e+01,-8.167739563758347288e+01,2.459879870235701560e+01
-1.234683970503132144e+02,-1.516001291720816724e+01,2.459879870235701560e+01
2.342587709466721435e+02,-3.292292320520173377e+01,2.459879870235701560e+01
2.166899978274701084e+02,-3.820829306664165159e+01,2.459879870235701560e+01
-1.267189467986298155e+02,-1.621928555952262343e+02,2.459879870235701560e+01
-1.204620764036764911e+02,4.624105871705980064e+01,2.459879870235701560e+01
1.099882506392717403e+02,5.848179023684745204e+01,2.459879870235701560e+01
-5.238955927414204439e+01,-9.853043063470931884e+01,2.459879870235701560e+01
1.025225200855272192e+02,-4.780703624923097550e+01,2.459879870235701560e+01
-1.163014619765496036e+02,2.014400411379239415e+02,2.459879870235701560e+01
1.643173002558840778e+02,-1.193835067229260005e+02,2.459879870235701560e+01
-2.070597723765318108e+02,-1.009897987690639241e+02,2.459879870235701560e+01
2.244083287394545607e+02,2.755387810722859498e+01,2.459879870235701560e+01
1.836622065131520287e+02,1.286016614847374910e+02,2.459879870235701560e+01
-1.136252686885675161e+02,-4.590758846774754431e+01,2.459879870235701560e+01
1.043671818742019752e+02,1.736961594239792248e+02,2.459879870235701560e+01
7.376830572170774758e+01,1.053520587771998436e+02,2.459879870235701560e+01
1.163555748580312184e+02,-1.842891260252898888e+01,2.459879870235701560e+01
1.910667350502551765e+00,-1.094620591994383574e+02,2.459879870235701560e+01
-7.565838736699049605e+01,-8.703501856827502081e+01,2.459879870235701560e+01
8.453795951096863348e+01,9.388891581100536143e+01,2.459879870235701560e+01
8.484604526875186536e+01,-1.595722028169147109e+02,2.459879870235701560e+01
1.854747966409346134e+02,1.251043299939275073e+02,2.459879870235701560e+01
-9.459621008192424085e+01,-7.390665925901721778e+01,2.459879870235701560e+01
-1.130799630428270603e+02,6.794529659352674855e+01,2.459879870235701560e+01
1.169607076780160639e+02,-1.643775548445083245e+01,2.459879870235701560e+01
-2.017140417500783087e+02,9.838251173284790241e+01,2.459879870235701560e+01
-2.308681409385782786e+02,7.949427595400268842e+01,2.459879870235701560e+01
-1.282891380561962649e+02,1.901964687662590450e+02,2.459879870235701560e+01
3.400096369979228683e+01,-1.749197943486268514e+02,2.459879870235701560e+01
1.349048049784940417e+02,-1.551902256295712164e+02,2.459879870235701560e+01
3.553804146093131067e+01,-1.032099665821312300e+02,2.459879870235701560e+01
2.404357489757157111e+02,5.994736510421952147e+01,2.459879870235701560e+01
7.624433794790729912e+00,-1.090344830956980076e+02,2.459879870235701560e+01
1.830602482001411317e+02,8.928444871816390105e+01,2.459879870235701560e+01
2.739130740305484224e+01,1.288659695463918240e+02,2.459879870235701560e+01
-1.078833396340999968e+02,2.028990520197986598e+02,2.459879870235701560e+01
-5.709486987220609677e+01,1.224403435665387150e+02,2.459879870235701560e+01
9.291761781988947178e+01,-1.609380349823158269e+02,2.459879870235701560e+01
2.207148043803836970e+02,4.691437992876589647e+01,2.459879870235701560e+01
-7.918701961500509867e+01,-8.491768207524224010e+01,2.459879870235701560e+01
-9.745249929910875153e+01,-7.080338520121512147e+01,2.459879870235701560e+01
-1.448572327353897151e+02,-1.259224712936327677e+02,2.459879870235701560e+01
-6.771852169763128870e+01,1.172919201937528726e+02,2.459879870235701560e+01
1.026849829439633339e+02,7.190079911829859327e+01,2.459879870235701560e+01
2.222147032666001394e+02,-3.519535140876342183e+01,2.459879870235701560e+01
2.412146495183448565e+02,2.110354730923415900e+01,2.459879870235701560e+01
-5.752068487690529253e+01,-1.770304648926968980e+02,2.459879870235701560e+01
-1.333351304477903909e+01,-1.085927493385990914e+02,2.459879870235701560e+01
8.475296375905193713e+01,-1.410526186525871708e+02,2.459879870235701560e+01
6.521020024495742007e+01,1.129473799960066742e+02,2.459879870235701560e+01
-1.456405363888756881e+02,-1.266033867712911416e+02,2.459879870235701560e+01
2.382938175342441411e+02,-4.159434057053077005e+00,2.459879870235701560e+01
8.774365368447172742e+00,-1.674248649434088634e+02,2.459879870235701560e+01
-2.298427891908347362e+02,7.026999256767308566e+01,2.459879870235701560e+01
1.930875257295612002e+01,1.572571700462004003e+02,2.459879870235701560e+01
1.766895884137250050e+02,1.020117814336682898e+02,2.459879870235701560e+01
1.542856562602861743e+02,-1.389194288739080037e+02,2.459879870235701560e+01
-1.170756672626225452e+02,-3.804019024323611120e+01,2.459879870235701560e+01
5.197652346241215326e+01,-1.700075478667331765e+02,2.459879870235701560e+01
1.092254604291266418e+02,-3.548950342353118970e+01,2.459879870235701560e+01
-5.626855044107329462e+01,1.962317555421898305e+02,2.459879870235701560e+01
2.010987634802041271e+02,6.534094914280099431e+01,2.459879870235701560e+01
1.247212274762596849e+02,1.434753597985140630e+02,2.459879870235701560e+01
2.401682418770922425e+02,3.375344518241238490e+01,2.459879870235701560e+01
5.548715643827331689e+01,-1.707719078947417870e+02,2.459879870235701560e+01
-2.302406438781345877e+00,1.319047765361970335e+02,2.459879870235701560e+01
1.637523954895009410e+02,1.474433191622060235e+02,2.459879870235701560e+01
-2.464459907075997336e+01,-1.067474863064024220e+02,2.459879870235701560e+01
-8.794119042721557378e+01,1.011647671608755132e+02,2.459879870235701560e+01
-2.459366233864458593e+02,3.456413833461875385e+01,2.459879870235701560e+01
1.140590246238709682e+02,4.608283724122179592e+01,2.459879870235701560e+01
-1.241142797027052325e+02,3.094516548259541722e+01,2.459879870235701560e+01
1.747104627071060747e+02,1.414777431323262249e+02,2.459879870235701560e+01
9.382797439093803860e+01,-6.093259902381671367e+01,2.459879870235701560e+01
-1.523828609360618280e+01,-1.084260394914734604e+02,2.459879870235701560e+01
-6.317510017012424584e+01,-9.366093769410883851e+01,2.459879870235701560e+01
1.072801651131287883e+02,6.446042641925345151e+01,2.459879870235701560e+01
2.058787710741946242e+01,1.299867402709132307e+02,2.459879870235701560e+01
-3.240754048455089986e+01,1.299795454782276920e+02,2.459879870235701560e+01
2.389019558376472219e+02,2.510960737179032165e+01,2.459879870235701560e+01
-1.794580620838262917e+02,1.036101604523456530e+02,2.459879870235701560e+01
-3.643613312164445972e+01,2.066395793499529248e+02,2.459879870235701560e+01
-8.280582271343706680e+01,1.059866198789273568e+02,2.459879870235701560e+01
1.706057857331597916e+01,-1.077162538085064796e+02,2.459879870235701560e+01
2.240901440111982197e+02,-9.512062269353727118e+01,2.459879870235701560e+01
-2.078425561477244230e+02,7.258021993810355177e+00,2.459879870235701560e+01
3.864563584715455136e+01,1.549991794201368691e+02,2.459879870235701560e+01
-1.209833945470240621e+02,4.403435445560076289e+01,2.459879870235701560e+01
-2.205581694435732132e+01,2.098470807442333239e+02,2.459879870235701560e+01
-1.211920063750565646e+02,-2.355733966420383396e+01,2.459879870235701560e+01
-1.396522764516682287e+02,1.853248302926882047e+02,2.459879870235701560e+01
9.979811459091109782e+01,1.597103687130305048e+02,2.459879870235701560e+01
-9.457702268577637028e+01,9.457702268577638449e+01,2.459879870235701560e+01
-1.272360946839832110e+02,-1.959264043364607346e+02,2.459879870235701560e+01
4.291567747704473135e+01,-1.011030003152250600e+02,2.459879870235701560e+01
7.729524100124642416e+01,-8.004156516853839776e+01,2.459879870235701560e+01
-2.394394994834504473e+02,5.089443673819325653e+01,2.459879870235701560e+01
-1.794145394713226835e+02,1.303522930684124219e+02,2.459879870235701560e+01
8.888525956880219780e+01,8.888525956880219780e+01,2.459879870235701560e+01
-1.087514303522129921e+02,7.614857132370774195e+01,2.459879870235701560e+01
-1.236678181933652354e+02,3.313669201463115854e+01,2.459879870235701560e+01
1.338435461115956215e+01,1.914051883556764437e+02,2.459879870235701560e+01
-2.326386700202542954e+02,8.010391800695613540e+01,2.459879870235701560e+01
-4.953952633511479320e+01,-1.727648596821166223e+02,2.459879870235701560e+01
1.872167130317472470e+02,1.262792674351580473e+02,2.459879870235701560e+01
1.126774592730585596e+02,-2.809364588599553869e+01,2.459879870235701560e+01
1.197700570311096726e+02,0.000000000000000000e+00,2.459879870235701560e+01
-4.157217145256505120e+01,1.279459876841865480e+02,2.459879870235701560e+01
-1.406446731987732619e+02,-1.180148934081397272e+02,2.459879870235701560e+01
-1.252390079112676347e+02,2.208301613191737189e+01,2.459879870235701560e+01
9.163147611410787263e+00,1.310391158517728627e+02,2.459879870235701560e+01
-2.316664895101813499e+02,5.776094315526418654e+01,2.459879870235701560e+01
-1.054748018202330400e+02,-1.902815794614897982e+02,2.459879870235701560e+01
-7.024242550488720838e+01,-8.990620474992613254e+01,2.459879870235701560e+01
-1.750100030997933800e+02,-1.180457376234300710e+02,2.459879870235701560e+01
8.615704458993421611e+01,-1.620378339363134614e+02,2.459879870235701560e+01
-2.074749246937671785e+02,-2.547471752688736402e+01,2.459879870235701560e+01
-2.548126580762634319e+01,1.310897483426310544e+02,2.459879870235701560e+01
7.853880971404593936e+01,-7.853880971404598199e+01,2.459879870235701560e+01
-5.034227829176946756e+01,-1.755643884505757057e+02,2.459879870235701560e+01
1.459223284379553434e+02,-1.409155545662446514e+02,2.459879870235701560e+01
1.158204916464388816e+02,-2.042227759618656080e+01,2.459879870235701560e+01
1.248876967719719460e+02,1.488353612988138650e+02,2.459879870235701560e+01
1.050589454205799029e+02,1.681294579411932091e+02,2.459879870235701560e+01
-1.224319806645292346e+02,-1.939132073537589562e+01,2.459879870235701560e+01
7.583618189639783225e+01,-8.132434855343730362e+01,2.459879870235701560e+01
-1.854492069022284113e+02,-1.158815257290941929e+02,2.459879870235701560e+01
-1.144194929522507032e+01,-1.088628756615066919e+02,2.459879870235701560e+01
8.741192591281951252e+01,9.051769906954001499e+01,2.459879870235701560e+01
-2.299990744119928650e+02,7.473122939179437196e+01,2.459879870235701560e+01
2.375303873506807122e+02,-8.294743903958636366e+00,2.459879870235701560e+01
-6.497828719838329903e+01,-9.279861134388768562e+01,2.459879870235701560e+01
5.289823119666932882e+01,1.536276184511775682e+02,2.459879870235701560e+01
2.640274576342177681e+01,-1.058956293009265011e+02,2.459879870235701560e+01
8.220356496216017206e+01,-1.613335801847107405e+02,2.459879870235701560e+01
-1.452985252748022162e+02,-1.219199389686892374e+02,2.459879870235701560e+01
1.490348251309837053e+02,1.439212576843261786e+02,2.459879870235701560e+01
2.385932251339145580e+02,5.508358630148109825e+01,2.459879870235701560e+01
-2.265490545359421901e+02,-4.815448808175424489e+01,2.459879870235701560e+01
-1.171163198203896911e+02,5.712144582930594794e+01,2.459879870235701560e+01
-3.579669356537390712e+01,-1.039611468373870480e+02,2.459879870235701560e+01
9.234298260482282217e+01,1.536845312882574319e+02,2.459879870235701560e+01
-1.140914750031939775e+02,6.587074380533547924e+01,2.459879870235701560e+01
1.895448979941553702e+01,-1.074962533995549023e+02,2.459879870235701560e+01
7.208737427919373886e+01,1.068739274289018795e+02,2.459879870235701560e+01
1.117321538042407951e+02,5.449541260098131801e+01,2.459879870235701560e+01
-1.751147837856042031e+02,1.368146635605241670e+02,2.459879870235701560e+01
1.806795458088819260e+02,1.173346689837653543e+02,2.459879870235701560e+01
1.666608117292473992e+02,-1.001399185032713746e+02,2.459879870235701560e+01
6.061385620585679845e+01,-9.333715349309410669e+01,2.459879870235701560e+01
1.268560398908315250e+02,1.566541629504849027e+02,2.459879870235701560e+01
1.749700239126886743e+02,1.051325968794451455e+02,2.459879870235701560e+01
1.117907189461846542e+02,-2.995423286292477627e+01,2.459879870235701560e+01
-1.584879396079485048e+02,1.699575073518455781e+02,2.459879870235701560e+01
-1.576123428117116703e+02,1.878350757830475857e+02,2.459879870235701560e+01
-2.310428016852390840e+02,-5.334043369765334575e+01,2.459879870235701560e+01
-1.424196797722492818e+02,-1.424196797722492533e+02,2.459879870235701560e+01
1.653041192835203503e+02,-1.157471904194381125e+02,2.459879870235701560e+01
-2.017110794423890354e+02,-8.980755871230057608e+01,2.459879870235701560e+01
1.045519247153818014e+02,-4.437965902792213768e+01,2.459879870235701560e+01
-1.934651402354693914e+02,-1.116971507937569896e+02,2.459879870235701560e+01
-1.248435850397462303e+02,2.653632318260746814e+01,2.459879870235701560e+01
4.954172057431346587e+01,1.226200612891069142e+02,2.459879870235701560e+01
-4.964829286503687911e+01,1.991284264056935740e+02,2.459879870235701560e+01
1.656900085689656805e+02,-9.566117104932385473e+01,2.459879870235701560e+01
1.074823695404551103e+02,-3.912038322112596234e+01,2.459879870235701560e+01
4.585327618072926548e+00,1.313066030562840183e+02,2.459879870235701560e+01
1.272663670003384482e+02,-1.571608747312642151e+02,2.459879870235701560e+01
1.083364137158537517e+02,6.254805762188681939e+01,2.459879870235701560e+01
1.783571983633800357e+02,1.444308114400598129e+02,2.459879870235701560e+01
-5.083439715789673130e+01,-1.772806108923945203e+02,2.459879870235701560e+01
-7.740168291406924084e+01,-8.596327771320623867e+01,2.459879870235701560e+01
1.098595830073432751e+02,1.758120840327028986e+02,2.459879870235701560e+01
-9.040001123393744820e+01,1.938634497053207610e+02,2.459879870235701560e+01
-2.211259376334205626e+02,-8.048325932276971173e+01,2.459879870235701560e+01
-1.351813257946316469e+02,1.860611328090545271e+02,2.459879870235701560e+01
1.669718082879201404e+02,-1.126239067627829371e+02,2.459879870235701560e+01
-4.599948642193739090e+01,-1.716724204487451289e+02,2.459879870235701560e+01
1.650856847779392922e+02,-9.150848933769030680e+01,2.459879870235701560e+01
-1.615795849690532577e+02,-1.173944401374729267e+02,2.459879870235701560e+01
3.738354234654085673e+00,2.141701706655185262e+02,2.459879870235701560e+01
1.686414454295094458e+02,-1.095170351897270251e+02,2.459879870235701560e+01
-6.931869134628119156e+00,1.322679424592833755e+02,2.459879870235701560e+01
9.838408607672474204e+01,-5.453518943123683727e+01,2.459879870235701560e+01
2.436498140884824295e+02,-2.131659660294121039e+01,2.459879870235701560e+01
-1.244219785547196153e+02,-1.651135423368063755e+02,2.459879870235701560e+01
-1.585412079942442460e+02,1.823807969192336316e+02,2.459879870235701560e+01
1.063244329765482803e+02,6.643887952618244697e+01,2.459879870235701560e+01
7.923122082195045834e+01,-1.624480764242625526e+02,2.459879870235701560e+01
1.282327184240014617e+02,1.424168618922640519e+02,2.459879870235701560e+01
7.613430946337091143e+01,-1.632705535324151924e+02,2.459879870235701560e+01
-1.203187644543759092e+02,-2.002440510231825215e+02,2.459879870235701560e+01
-1.189103394931257043e+02,-3.186192943889367157e+01,2.459879870235701560e+01
4.469833122990741003e+01,-1.003940956745234416e+02,2.459879870235701560e+01
-7.935146333403748997e+01,1.092179194959004462e+02,2.459879870235701560e+01
-6.359170140821331785e+01,1.195985958148283572e+02,2.459879870235701560e+01
2.749482402711326756e+01,1.559308956385555973e+02,2.459879870235701560e+01
-6.101804124814575658e+01,1.995810199912709209e+02,2.459879870235701560e+01
2.263718057940086226e+02,2.779496277521494463e+01,2.459879870235701560e+01
1.653492905853458126e+02,-1.157788197054870523e+02,2.459879870235701560e+01
1.323991133240255351e+02,1.419806663636970256e+02,2.459879870235701560e+01
-2.256580822028632838e+02,-7.770030886443501572e+01,2.459879870235701560e+01
8.597419940471957034e+01,-1.616939521574191190e+02,2.459879870235701560e+01
-2.287136930773217216e+02,-6.558259614977816909e+01,2.459879870235701560e+01
2.114267920444762296e+02,-4.494015196189677397e+01,2.459879870235701560e+01
1.170768037137637663e+01,-1.674276296313109356e+02,2.459879870235701560e+01
-1.228467413938164725e+02,-1.726498357595579947e+01,2.459879870235701560e+01
-4.507639643125641271e+01,-1.012432440196866992e+02,2.459879870235701560e+01
8.893952421489758819e+01,-6.702073868635160636e+01,2.459879870235701560e+01
-6.322173529900690170e+01,-1.737002901527587824e+02,2.459879870235701560e+01
8.631316646410876103e+01,-6.989502405713810163e+01,2.459879870235701560e+01
1.084217514236137845e+02,-3.733260289637830454e+01,2.459879870235701560e+01
-1.049319253828025751e+02,-6.058247536634680586e+01,2.459879870235701560e+01
7.172421542531370164e+01,1.470564344207816703e+02,2.459879870235701560e+01
-2.171617288923606566e+02,-3.829147198102020866e+01,2.459879870235701560e+01
-1.257211861744642363e+02,1.543662064062391970e+01,2.459879870235701560e+01
-1.184944213720942514e+02,-3.397772856660787966e+01,2.459879870235701560e+01
-1.259928763969568735e+02,1.102294836975669590e+01,2.459879870235701560e+01
-7.213157464473970037e+01,-8.907507642518477553e+01,2.459879870235701560e+01
-6.810103127141250923e+01,1.977797557993775968e+02,2.459879870235701560e+01
2.101831336972389153e+01,-1.711804254147611175e+02,2.459879870235701560e+01
-2.841018198521166127e+01,-1.060282426210880118e+02,2.459879870235701560e+01
-1.008765986343201604e+02,-1.819862013256617672e+02,2.459879870235701560e+01
2.320917956059585379e+02,4.511407497821438994e+01,2.459879870235701560e+01
9.300345513858697188e+01,8.374068714045642992e+01,2.459879870235701560e+01
-4.695453269629020809e+01,-1.006943203164867811e+02,2.459879870235701560e+01
-2.030728149425195852e+02,-9.469440877078966423e+01,2.459879870235701560e+01
-1.618363478099709596e+01,1.318051281202592406e+02,2.459879870235701560e+01
-6.982674261960863760e+01,1.162112150611851007e+02,2.459879870235701560e+01
1.764810153730565290e+01,-1.679104699510526757e+02,2.459879870235701560e+01
-1.259161403745801380e+02,-2.197874405748871496e+00,2.459879870235701560e+01
-1.178132206937894182e+02,5.493720704141897215e+01,2.459879870235701560e+01
8.447546026860409540e+01,-1.405907752871542016e+02,2.459879870235701560e+01
2.137184145104527317e+02,-4.154265148096482818e+01,2.459879870235701560e+01
9.597382059272607080e+01,1.535902189785305723e+02,2.459879870235701560e+01
-2.318155682115258003e+02,7.982050132566224931e+01,2.459879870235701560e+01
9.433963434957532002e+01,8.200819299051796918e+01,2.459879870235701560e+01
2.284083883722265895e+01,1.295368340423589189e+02,2.459879870235701560e+01
1.394629548077165104e+01,1.594068867749841729e+02,2.459879870235701560e+01
4.121714092424836906e+01,1.538244640720213567e+02,2.459879870235701560e+01
4.988505772233587265e+01,1.535304209030703362e+02,2.459879870235701560e+01
1.123422148378439260e+02,-1.437914778237353914e+02,2.459879870235701560e+01
7.694507947828770966e+01,1.021095692708325657e+02,2.459879870235701560e+01
-1.878672545930905073e+02,9.989079116749446996e+01,2.459879870235701560e+01
-3.025203282378424063e+01,-1.055013762252145568e+02,2.459879870235701560e+01
1.201629713355343796e+02,8.402613499153344989e+00,2.459879870235701560e+01
1.036401860558443104e+02,-4.614358378277563588e+01,2.459879870235701560e+01
-1.018423637000831832e+02,-1.837284876246710894e+02,2.459879870235701560e+01
1.175712631915469757e+02,-1.560223359897128717e+02,2.459879870235701560e+01
2.103678865531213091e+02,5.636790531535088888e+01,2.459879870235701560e+01
-2.017910280019968923e+02,-8.984315410438709648e+01,2.459879870235701560e+01
-1.392196795201419377e+02,1.847507547748573415e+02,2.459879870235701560e+01
-2.043012462279874910e+02,2.501968672549201481e-14,2.459879870235701560e+01
-5.060873039165718978e+01,-9.932522593694415036e+01,2.459879870235701560e+01
1.008683440750865046e+01,1.924682660761520765e+02,2.459879870235701560e+01
-5.494189390854685229e+01,1.234015141465402507e+02,2.459879870235701560e+01
-1.354125063925565655e+02,-1.452121348013949387e+02,2.459879870235701560e+01
-4.605377102103191334e+01,1.265316959610188405e+02,2.459879870235701560e+01
6.908603057912259260e+01,1.481554706874633780e+02,2.459879870235701560e+01
2.823354033709036059e+01,-1.053690070155667655e+02,2.459879870235701560e+01
-1.153864250942680627e+02,-4.199722417270034924e+01,2.459879870235701560e+01
-1.208186426845864503e+02,-1.933502456400165670e+02,2.459879870235701560e+01
8.596697525154615960e+01,9.218829435522437166e+01,2.459879870235701560e+01
-2.307545889062565152e+02,6.616781361153967111e+01,2.459879870235701560e+01
-1.189930196215486404e+02,1.980376410990759837e+02,2.459879870235701560e+01
-2.291242605816304092e+02,2.004577533965240121e+01,2.459879870235701560e+01
-2.314092756187560553e+02,6.200592852311684311e+01,2.459879870235701560e+01
-1.854797128685261498e+01,-1.764721587095718576e+02,2.459879870235701560e+01
2.268634806746507948e+01,-1.067308761923044926e+02,2.459879870235701560e+01
-2.088043593096213257e+01,-1.074205305238421175e+02,2.459879870235701560e+01
-1.779609299960712576e+02,1.200361629475489735e+02,2.459879870235701560e+01
-1.244683936842684915e+02,2.873579290219155880e+01,2.459879870235701560e+01
2.333500511247925431e+02,-3.279521096292416615e+01,2.459879870235701560e+01
-1.118808839090641953e+02,2.018384574739300774e+02,2.459879870235701560e+01
1.656614776948407268e+02,-8.808377015332450810e+01,2.459879870235701560e+01
1.201185938514347811e+02,1.050901524067529991e+01,2.459879870235701560e+01
1.961418488881067503e+02,7.138979468921027660e+01,2.459879870235701560e+01
1.072129119259634535e+02,-1.422763395821950212e+02,2.459879870235701560e+01
-2.341423955815427007e+02,8.062169224051723404e+01,2.459879870235701560e+01
-1.202670368585739311e+02,-1.924674917902285358e+02,2.459879870235701560e+01
4.742532538399974840e+01,1.235471965474030611e+02,2.459879870235701560e+01
2.390566213834540008e+02,2.091474431186121663e+01,2.459879870235701560e+01
-3.946460229385721163e+01,-1.028088038782171907e+02,2.459879870235701560e+01
1.785119353203252501e+02,9.895078154040753304e+01,2.459879870235701560e+01
2.401775558009741189e+02,2.949009572775547383e+01,2.459879870235701560e+01
1.268607686133353383e+02,1.683499260551116663e+02,2.459879870235701560e+01
1.039168018873831301e+02,7.009276791606707491e+01,2.459879870235701560e+01
8.765627837101347097e+01,-6.848459036434445579e+01,2.459879870235701560e+01
1.123716012571375273e+02,-1.491221515454780331e+02,2.459879870235701560e+01
-1.909384340725868379e+00,-1.093885556185579730e+02,2.459879870235701560e+01
-8.057005377864032880e+01,1.898111518089567653e+02,2.459879870235701560e+01
-4.823587650013949002e+01,1.256587543964341052e+02,2.459879870235701560e+01
1.040186591941338463e+02,1.664646519729257648e+02,2.459879870235701560e+01
-8.783728448994575899e+01,-7.908904619488708931e+01,2.459879870235701560e+01
6.348289984410824616e+01,1.145261829618840892e+02,2.459879870235701560e+01
9.240738495868286861e+01,-1.369995821420744448e+02,2.459879870235701560e+01
-9.906516287750990557e+01,8.919867330393418570e+01,2.459879870235701560e+01
-2.045454393497013825e+02,-1.042211069266919878e+02,2.459879870235701560e+01
2.323982099263625685e+02,-3.266143840639269058e+01,2.459879870235701560e+01
2.150410182488556643e+02,-5.762006717934718125e+01,2.459879870235701560e+01
-1.156994054332237880e+02,6.151846510647040844e+01,2.459879870235701560e+01
1.014308345840633621e+02,-4.947112351208097891e+01,2.459879870235701560e+01
-1.025353811039474721e+02,-1.849787241164765135e+02,2.459879870235701560e+01
1.151259411494988569e+02,-2.237821603041035345e+01,2.459879870235701560e+01
-9.763452221418150145e+01,9.104566489256690431e+01,2.459879870235701560e+01
1.201449337859698261e+02,1.262774138661969303e+01,2.459879870235701560e+01
-1.162407046105647623e+02,-4.002488438566476248e+01,2.459879870235701560e+01
-3.761978684780158488e+01,-1.033595148890309048e+02,2.459879870235701560e+01
9.575211716180589860e+01,8.034556619491502261e+01,2.459879870235701560e+01
2.068196064356329771e+02,5.930456782987040754e+01,2.459879870235701560e+01
9.920188357029267934e+01,1.587561996234494757e+02,2.459879870235701560e+01
2.323765139736416074e+02,2.442375579490338211e+01,2.459879870235701560e+01
-5.928195131466705448e+01,1.215460125167786316e+02,2.459879870235701560e+01
-2.081886267415042013e+01,1.314451257427290045e+02,2.459879870235701560e+01
3.421076678293036366e+01,1.276763197997857873e+02,2.459879870235701560e+01
9.848266182351659381e+01,7.694308814283535014e+01,2.459879870235701560e+01
2.340703021352876192e+02,4.127290964903342285e+01,2.459879870235701560e+01
2.750839495402501100e+01,-1.736811703072549449e+02,2.459879870235701560e+01
9.981035719360960456e+01,7.521249890545107064e+01,2.459879870235701560e+01
2.455672007076702457e+01,-1.063668405380769002e+02,2.459879870235701560e+01
-9.300101177193988633e+01,-7.531073440389783968e+01,2.459879870235701560e+01
8.303262150570303390e+01,9.551810454890053848e+01,2.459879870235701560e+01
7.689990088155212788e+01,-1.509245533424390828e+02,2.459879870235701560e+01
5.587604169491709882e+01,1.198265581054303510e+02,2.459879870235701560e+01
1.195414880919302476e+02,-2.086604436260397488e+00,2.459879870235701560e+01
-2.041060639079094301e+02,-1.069674554761596497e+01,2.459879870235701560e+01
-5.781790518944296053e+01,-9.622515331927739624e+01,2.459879870235701560e+01
-1.005590635812328770e+02,8.741466033838443650e+01,2.459879870235701560e+01
2.142084653818202469e+02,-4.163790772083445546e+01,2.459879870235701560e+01
-1.312345938201254683e+02,1.874224235798231462e+02,2.459879870235701560e+01
-1.643112146189968996e+02,1.586734955324812404e+02,2.459879870235701560e+01
9.322635722910385425e+01,-1.614727873253739290e+02,2.459879870235701560e+01
2.243724359495414262e+02,3.153348943255740977e+01,2.459879870235701560e+01
1.394974253873515124e+02,-1.444538126843406474e+02,2.459879870235701560e+01
-1.261533419723873948e+02,8.821501020148520666e+00,2.459879870235701560e+01
1.259507041065627959e+02,1.612095497900214980e+02,2.459879870235701560e+01
-2.250030622882319449e+02,9.550813351139549923e+01,2.459879870235701560e+01
8.003265483516307199e+01,9.883209788589410039e+01,2.459879870235701560e+01
1.913705133997575842e+02,7.731870626504036181e+01,2.459879870235701560e+01
-1.498576056363492057e+02,-1.302692291405725200e+02,2.459879870235701560e+01
-9.257907722584839405e+00,-1.766514026970143050e+02,2.459879870235701560e+01
-1.249230059644359869e+02,2.428257251778013526e+01,2.459879870235701560e+01
-1.991130040381731021e+02,9.711390087666295301e+01,2.459879870235701560e+01
-1.062298245139998869e+02,-5.888415326234935776e+01,2.459879870235701560e+01
2.108237204525398170e+02,-5.256425717240080786e+01,2.459879870235701560e+01
-2.440510085135389602e+02,3.865388239405554316e+01,2.459879870235701560e+01
1.657398266871583417e+02,-1.160522760279192056e+02,2.459879870235701560e+01
2.252375342189838818e+02,3.567412079735235153e+01,2.459879870235701560e+01
3.737337037856438826e+01,-1.026824912040198257e+02,2.459879870235701560e+01
6.876976144350806841e+00,1.312205218086035359e+02,2.459879870235701560e+01
-2.050964382559032231e+02,-1.794361327693611585e+01,2.459879870235701560e+01
-1.586553809708756262e+02,1.762046516512478433e+02,2.459879870235701560e+01
-1.099075230541245105e+02,7.413356036506235114e+01,2.459879870235701560e+01
-2.443351684782145981e+02,2.568066103141302747e+01,2.459879870235701560e+01
9.798496208383674855e+01,1.568087181495420737e+02,2.459879870235701560e+01
4.565521103599901664e+01,-1.703875672166279855e+02,2.459879870235701560e+01
-1.295913118297303868e+02,-1.600319424901810521e+02,2.459879870235701560e+01
-2.914348079190188301e+01,2.073666408315845615e+02,2.459879870235701560e+01
2.288881736062675145e+02,-9.247682492044249614e+01,2.459879870235701560e+01
6.859281617521759244e+01,-8.779480109202778237e+01,2.459879870235701560e+01
9.727926994357657975e+01,-5.616421268849427406e+01,2.459879870235701560e+01
3.868851921942768257e+01,1.265444443941390062e+02,2.459879870235701560e+01
9.613552338542808684e+01,-5.776405009190687423e+01,2.459879870235701560e+01
2.414118293087602751e+02,-1.688115958901259717e+01,2.459879870235701560e+01
6.550089683291119513e+01,-9.015425017546655795e+01,2.459879870235701560e+01
1.265667425917933855e+02,1.508363701867163513e+02,2.459879870235701560e+01
-1.509257783741093704e+02,-1.222172855248821151e+02,2.459879870235701560e+01
-4.162154796792492562e+01,-1.669349110140008463e+02,2.459879870235701560e+01
-1.446563793300852012e+02,1.851517222668904026e+02,2.459879870235701560e+01
2.255382011481361246e+02,-7.328180380596857901e+01,2.459879870235701560e+01
9.588966099606783189e+01,-1.369446282187113866e+02,2.459879870235701560e+01
1.192339156470356620e+01,1.705124434149200852e+02,2.459879870235701560e+01
-4.615104438879082061e+00,1.321592996388495749e+02,2.459879870235701560e+01
-3.013064491000918821e+01,1.305101615043274705e+02,2.459879870235701560e+01
1.194167394090812024e+02,2.105639310605284820e+01,2.459879870235701560e+01
-1.717307729111938102e+02,-1.202471817349977385e+02,2.459879870235701560e+01
6.162114005964521368e+01,1.158925089349877737e+02,2.459879870235701560e+01
-2.045465757781923344e+02,-3.570373761052950901e+00,2.459879870235701560e+01
-1.246180407368831169e+02,-1.994305535326782604e+02,2.459879870235701560e+01
1.603352367149302609e+02,-1.298369146502925275e+02,2.459879870235701560e+01
-1.201266768883327529e+02,-2.773342859913436698e+01,2.459879870235701560e+01
1.065240008691950777e+02,-4.089073280176543079e+01,2.459879870235701560e+01
3.367826647482225866e+01,-1.036510462901617871e+02,2.459879870235701560e+01
1.100710063243870422e+02,-3.365208377239541448e+01,2.459879870235701560e+01
-1.543503415159944154e+02,1.839475740198295739e+02,2.459879870235701560e+01
-1.766495517555335368e+02,1.103828909205534359e+02,2.459879870235701560e+01
-4.570980135731217331e+01,-1.705913010693699619e+02,2.459879870235701560e+01
-2.310488631180994901e+02,-5.334183308969345205e+01,2.459879870235701560e+01
5.384232920155127289e+01,1.209318513793409835e+02,2.459879870235701560e+01
-3.820093841367951715e+00,-1.093931748059193581e+02,2.459879870235701560e+01
-3.659326501698774337e+01,2.075307186112953843e+02,2.459879870235701560e+01
-3.653679653924009330e+01,2.072104699600636195e+02,2.459879870235701560e+01
-1.621793463015085308e+02,1.621793463015085592e+02,2.459879870235701560e+01
-1.828660944525916534e+02,1.013643313588885775e+02,2.459879870235701560e+01
1.108722069936839603e+02,5.649221110489617104e+01,2.459879870235701560e+01
-4.879180069481969895e+01,-1.000380164021601104e+02,2.459879870235701560e+01
2.222428130676441924e+02,-6.794644668846063951e+01,2.459879870235701560e+01
-1.001076995693409373e+02,-6.752349596102337159e+01,2.459879870235701560e+01
2.511983578742137624e+01,1.292303520806932795e+02,2.459879870235701560e+01
1.376150037855808534e+02,1.425045080523729553e+02,2.459879870235701560e+01
1.694701129129468598e+02,1.473181216114431606e+02,2.459879870235701560e+01
1.846961404267845523e+02,1.341896007785091740e+02,2.459879870235701560e+01
3.065727195656351611e+01,-1.738660290863349189e+02,2.459879870235701560e+01
1.199777941984574454e+02,4.189716895332680657e+00,2.459879870235701560e+01
-9.718473252058201695e+01,1.992582304298056215e+02,2.459879870235701560e+01
1.136145686075894332e+02,4.822652312844004996e+01,2.459879870235701560e+01
5.197101788531313815e+01,-9.774326876789606899e+01,2.459879870235701560e+01
4.316073950180407337e+01,1.253478891496719285e+02,2.459879870235701560e+01
-1.245164833526739123e+01,-1.780668671886008951e+02,2.459879870235701560e+01
1.828950237619289609e+01,1.301365714450369637e+02,2.459879870235701560e+01
-1.164206544073857827e+02,5.931928626735880528e+01,2.459879870235701560e+01
2.468450782862640835e+01,1.558518486919979011e+02,2.459879870235701560e+01
-1.873580063769966841e+01,2.141511812230164082e+02,2.459879870235701560e+01
-1.706896131088676611e+02,1.432255914054435380e+02,2.459879870235701560e+01
5.721364175564608523e+00,-1.091701318742194786e+02,2.459879870235701560e+01
-6.140964893915293032e+01,1.205232221473647911e+02,2.459879870235701560e+01
9.263416545800056667e+01,-6.248253355201187276e+01,2.459879870235701560e+01
-1.802477366229562676e+02,1.262108239286322942e+02,2.459879870235701560e+01
-8.954626333217711931e+01,-1.757444371444613864e+02,2.459879870235701560e+01
-1.200691126005821445e+02,-1.921507467660294424e+02,2.459879870235701560e+01
-1.259672322810664298e+02,1.323968961743535466e+01,2.459879870235701560e+01
2.373486384388475017e+02,3.759233126092757971e+01,2.459879870235701560e+01
-1.654913077989159547e+02,1.543231411471404044e+02,2.459879870235701560e+01
-2.413124022042628098e+02,4.254988728818437238e+01,2.459879870235701560e+01
-1.228022479562165046e+02,3.754441495230943815e+01,2.459879870235701560e+01
-3.032950028545266186e+00,-1.737575907633691656e+02,2.459879870235701560e+01
-2.272626511468832007e+02,-6.948116520523841189e+01,2.459879870235701560e+01
1.162804144574757714e+02,3.778179694335947403e+01,2.459879870235701560e+01
8.681499879320338664e+01,-1.389330402074205892e+02,2.459879870235701560e+01
-2.029821698464711517e+02,-9.037348462181833497e+01,2.459879870235701560e+01
-1.556474063334852644e+02,-1.130844600750079678e+02,2.459879870235701560e+01
2.303369828019544627e+02,4.895963708983045848e+01,2.459879870235701560e+01
-9.593778967801951296e+01,-1.804327400742814689e+02,2.459879870235701560e+01
-1.317407464780434339e+02,-1.515503926920536344e+02,2.459879870235701560e+01
7.363363816807355988e+01,-1.653838591218504916e+02,2.459879870235701560e+01
3.037605864611864703e+01,1.562712744972392613e+02,2.459879870235701560e+01
-1.224718568690218774e+02,-1.815719947352909003e+02,2.459879870235701560e+01
-1.728028187921358949e+02,1.399329635489617658e+02,2.459879870235701560e+01
-8.283683350112558230e+01,-8.283683350112555388e+01,2.459879870235701560e+01
2.314175229849328161e+02,2.432296178040846968e+01,2.459879870235701560e+01
-2.291015323838630877e+02,-5.289225636555708832e+01,2.459879870235701560e+01
-1.847337237699982637e+01,1.314448744816334624e+02,2.459879870235701560e+01
7.980454122538539252e+01,-7.706634963998311605e+01,2.459879870235701560e+01
2.276376701891329333e+02,2.795039137913290261e+01,2.459879870235701560e+01
6.713308651415283634e+01,-8.908861481800158799e+01,2.459879870235701560e+01
-1.427577474125490369e+02,-1.240974165462475582e+02,2.459879870235701560e+01
-7.297218579816471618e+01,-1.638982127748489859e+02,2.459879870235701560e+01
6.689671916032449417e+01,1.113348371350928545e+02,2.459879870235701560e+01
-1.604797569968944515e+02,-1.209301708445220527e+02,2.459879870235701560e+01
-7.633820358217654700e+00,-1.091687172065633433e+02,2.459879870235701560e+01
2.139772055707007610e+02,5.335050931890754100e+01,2.459879870235701560e+01
-1.149766965090954471e+02,6.373262358112960868e+01,2.459879870235701560e+01
-3.213327379431112973e+01,-1.051032027305902403e+02,2.459879870235701560e+01
-1.511804673889856474e+02,-1.224235286225590897e+02,2.459879870235701560e+01
1.185028401313047510e+02,-1.572585803435594016e+02,2.459879870235701560e+01
1.126395236568550473e+02,-1.494776965786192875e+02,2.459879870235701560e+01
1.601717742374837172e+01,1.304494417373403508e+02,2.459879870235701560e+01
4.675040493657563445e+01,1.529136844019922989e+02,2.459879870235701560e+01
2.251230974203970447e+02,3.969527605587622787e+01,2.459879870235701560e+01
1.182426161443304267e+02,2.948119533421873939e+01,2.459879870235701560e+01
-1.220971624109909612e+02,3.967177292147902534e+01,2.459879870235701560e+01
-1.584066587285421406e+02,-1.193679792481440813e+02,2.459879870235701560e+01
1.142775780670082071e+02,-2.429044906990085906e+01,2.459879870235701560e+01
-2.056966632064563498e+02,-2.161959048301601172e+01,2.459879870235701560e+01
-2.031164059335130503e+02,-7.092981191596455126e+00,2.459879870235701560e+01
-1.455607220892513851e+02,-1.357375692973184584e+02,2.459879870235701560e+01
1.661116542367356885e+02,-1.037980817274953438e+02,2.459879870235701560e+01
-1.253733275168424228e+02,1.985718431037988907e+01,2.459879870235701560e+01
2.367913393566051923e+02,-3.327885248347463687e+01,2.459879870235701560e+01
-9.862376718763255212e+01,-6.905710523141975443e+01,2.459879870235701560e+01
-6.625945103017070892e+01,-1.639978961593562303e+02,2.459879870235701560e+01
7.300525297442979422e+01,-8.398293658296172737e+01,2.459879870235701560e+01
-1.440473166252485839e+02,-1.391048767060829618e+02,2.459879870235701560e+01
1.184964606463365868e+02,-1.572501144810678113e+02,2.459879870235701560e+01
1.749264664077452665e+02,1.093061876959965133e+02,2.459879870235701560e+01
2.183414782487128889e+02,5.040810213096182935e+01,2.459879870235701560e+01
1.190079972934778851e+02,-6.236944855073418559e+00,2.459879870235701560e+01
7.033900272911193952e+01,1.083125658922178047e+02,2.459879870235701560e+01
7.000163058068098110e+01,-8.644481455690002747e+01,2.459879870235701560e+01
1.730242251400431428e+02,1.081175354278723262e+02,2.459879870235701560e+01
-1.589260443021392177e+02,1.828235004497875593e+02,2.459879870235701560e+01
1.859719601754138125e+02,1.302189684104606897e+02,2.459879870235701560e+01
-1.670715931047196250e+02,1.504319381187727060e+02,2.459879870235701560e+01
-1.607440871760680636e+02,-1.167874154588145785e+02,2.459879870235701560e+01
1.188794161884172951e+02,2.526859995834954731e+01,2.459879870235701560e+01
-1.215726286092810824e+02,4.186081305038461409e+01,2.459879870235701560e+01
-2.720850955738456278e+01,-1.717877684299869827e+02,2.459879870235701560e+01
1.197953048442708734e+02,1.683613213624126459e+01,2.459879870235701560e+01
2.374955902775045047e+02,4.145500948459202029e+00,2.459879870235701560e+01
1.659289957248396377e+02,-8.822601201301442586e+01,2.459879870235701560e+01
1.157353112526583772e+02,-1.535859454764668044e+02,2.459879870235701560e+01
1.265835339651194715e+02,1.742272875789391549e+02,2.459879870235701560e+01
-2.022845287515351060e+02,-8.586468816385432490e+01,2.459879870235701560e+01
1.782937189265030327e+02,-8.695965705705754090e+01,2.459879870235701560e+01
-1.390109901829877970e+02,1.844738146706595501e+02,2.459879870235701560e+01
-6.051374345795085929e+01,-1.757446719994650550e+02,2.459879870235701560e+01
2.141516184617984209e+02,5.339399533671502240e+01,2.459879870235701560e+01
-3.702424585947726854e+01,1.291188897826580444e+02,2.459879870235701560e+01
2.408380261363223838e+02,8.410249195554028390e+00,2.459879870235701560e+01
1.231578674178215635e+02,1.758876628673714890e+02,2.459879870235701560e+01
-2.353907354501883162e+02,5.434423330110099215e+01,2.459879870235701560e+01
-1.303233127347694449e+02,-1.553132761504401742e+02,2.459879870235701560e+01
2.321361483948472824e+02,-8.449064831292643873e+01,2.459879870235701560e+01
-2.168613095291293291e+02,9.655287573594185346e+01,2.459879870235701560e+01
-5.025791240090853051e+01,-1.752701696242197329e+02,2.459879870235701560e+01
1.128926693598737785e+02,5.026305476006786677e+01,2.459879870235701560e+01
-6.469889030909764926e+01,1.991227095778174601e+02,2.459879870235701560e+01
-8.958999046699172197e+01,9.949976461606908629e+01,2.459879870235701560e+01
-1.447309926989471194e+02,-1.258127325041718052e+02,2.459879870235701560e+01
1.879180825012245464e+02,1.315816579332715719e+02,2.459879870235701560e+01
-2.295658112646739824e+02,-5.299944359094769197e+01,2.459879870235701560e+01
-5.423178246208674125e+01,-9.783672541509581322e+01,2.459879870235701560e+01
-8.947235844821689454e+01,-1.755993906427929119e+02,2.459879870235701560e+01
-9.245094451710611949e+00,1.322110102656925505e+02,2.459879870235701560e+01
-7.650659077089990490e+01,-1.640689133727877334e+02,2.459879870235701560e+01
2.188262706744733919e+02,-9.742773280336564312e+01,2.459879870235701560e+01
-3.245382148593213145e+01,-1.669604376590358754e+02,2.459879870235701560e+01
6.877855226862762095e+01,-1.702328905170857922e+02,2.459879870235701560e+01
-1.590886989292111480e+02,-1.198819334036911357e+02,2.459879870235701560e+01
4.870071548020490582e+01,-1.698395785910529980e+02,2.459879870235701560e+01
-1.256970803637408807e+02,-4.389438769167876231e+00,2.459879870235701560e+01
9.702702844156877404e+01,7.857093842034021236e+01,2.459879870235701560e+01
9.018966012112839792e+01,-6.552662366434893215e+01,2.459879870235701560e+01
3.186001403755681949e+01,-1.042094103396842115e+02,2.459879870235701560e+01
1.134988697212262707e+02,-2.620327874733549578e+01,2.459879870235701560e+01
-2.292013261196733254e+02,9.260334674854460957e+01,2.459879870235701560e+01
-8.625204739813165133e+01,-8.043133540901838785e+01,2.459879870235701560e+01
2.403900082866751120e+02,2.526600798648061641e+01,2.459879870235701560e+01
7.153211644663370805e+01,-8.524865676114310986e+01,2.459879870235701560e+01
6.643554813301469153e+01,1.492166842012345853e+02,2.459879870235701560e+01
-1.225351552154864265e+02,-1.749983376768324206e+02,2.459879870235701560e+01
1.122168038214133503e+02,5.232755499560215640e+01,2.459879870235701560e+01
2.299286553421110284e+02,-9.289720682922578021e+01,2.459879870235701560e+01
-1.075000422565977942e+02,7.810335246179170099e+01,2.459879870235701560e+01
3.922943999221445210e+01,-1.021961851377795369e+02,2.459879870235701560e+01
6.862332926611587425e+01,1.098202833223185024e+02,2.459879870235701560e+01
